"TRF","ADZWTRF001","Hangtag","55x50mm","AD HANGTAG ZARA TRF (55x50mm)","7.5","Obsolete",,"DHL#2907422431","2018/11/24","2018/12/15","1"
"TRF","ADZWTRF001","Hangtag","55x50mm","AD HANGTAG ZARA TRF (55x50mm)","7.5","Approved",,"DHL#2907422431","2018/11/24","2018/12/15","2"
"TRF","ADZWTRF002","Hangtag","55x50mm","AD HANGTAG ZARA TRF (55x50mm)","7.5","Approved",,"DHL#2907422431","2018/11/24","2018/12/15","3"
"TRF","ADZWTRF003","Hangtag","55x50mm","AD HANGTAG ZARA TRF (55x50mm)","7.5","Approved",,"DHL#2907422431","2018/11/24","2018/12/15","4"
"TRF","ADZWTRF004","Hangtag","55x50mm","AD HANGTAG ZARA TRF (55x50mm)","7.5","Approved",,"DHL#2907422431","2018/11/24","2018/12/15","5"
"TRF","ADZWTRF005","Hangtag","55x50mm","AD HANGTAG ZARA TRF (55x50mm)","7.5","Approved",,"DHL#2907422431","2018/11/24","2018/12/15","6"
"TRF","ADZWTRF006","Hangtag","55x50mm","AD HANGTAG ZARA TRF (55x50mm)","7.5","Approved",,"DHL#2907422431","2018/11/24","2018/12/15","7"
"TRF","ADZWTRF007","Hangtag","55x50mm","AD HANGTAG ZARA TRF (55x50mm)","7.5","Approved",,"DHL#2907422431","2018/11/24","2018/12/15","8"
"TRF","ADZWTRF008","Hangtag","55x50mm","AD HANGTAG ZARA TRF (55x50mm)","7.5",,,,,,"9"
"TRF","ADZWTRF009","Hangtag","55x50mm","AD HANGTAG ZARA TRF (55x50mm)","7.5",,,,,,"10"
"TRF","ADZWTRF010","Hangtag","55x50mm","AD HANGTAG ZARA TRF (55x50mm)","7.5","Approved",,"DHL#2907422431","2018/11/24","2018/12/15","11"
"TRF","ADZWTRF014","Waist tag","15x102mm","ADDITIONAL WAIST TAG ZARA TRF (15x102mm)","7.5","No sampling",,"DHL#8349248622","2019/1/5",,"12"
"TRF","ADZWTRF015","Waist tag","15x102mm","ADDITIONAL WAIST TAG ZARA TRF (15x102mm)","7.5","No sampling",,"DHL#8349248622","2019/1/5",,"13"
"TRF","HPZWTRF001","Hangtag","55x110mm","HANGTAG ZARA TRF (55x110mm)hangtag only","19","Approved",,"DHL#2907422431","2018/11/24","2018/12/15","14"
"TRF","HPZWTRF001","Hangtag","55x110mm","HANGTAG ZARA TRF (55x110mm)
hangtag + blue+red piggy 2.0 sticker","29","Approved",,"DHL#2907422431","2018/11/24","2018/12/15","15"
"TRF","HPZWTRF001","Hangtag","55x110mm","HANGTAG ZARA TRF (55x110mm)hangtag + black piggy 2.0 sticker","26.5","Approved",,"DHL#2907422431","2018/11/24","2018/12/15","16"
"TRF","HPZWTRF002","Hangtag","55x110mm","HANGTAG ZARA TRF (55x110mm) MATT LAMINATED ON 2 SIDES | DYED GARMENTS hangtag only","23.5","Approved",,"DHL#2907422431","2018/11/24","2018/12/15","17"
"TRF","HPZWTRF002","Hangtag","55x110mm","HANGTAG ZARA TRF (55x110mm) MATT LAMINATED ON 2 SIDES | DYED GARMENTS hangtag + blue+red piggy 2.0 sticker","33.5","Approved",,"DHL#2907422431","2018/11/24","2018/12/15","18"
"TRF","HPZWTRF002","Hangtag","55x110mm","HANGTAG ZARA TRF (55x110mm) MATT LAMINATED ON 2 SIDES | DYED GARMENTS hangtag +  black piggy 2.0 sticker","31","Approved",,"DHL#2907422431","2018/11/24","2018/12/15","19"
"TRF","MOON001","String","210mm","BLACK WAXED LOCKPIN (210 mm / General)","9.5","Approved",,"DHL#2907422431","2018/11/24","2018/12/15","20"
"TRF","MOON002","String","210mm","WHITE WAXED LOCKPIN (210 mm / General)","9.5","Approved",,"DHL#2907422431","2018/11/24","2018/12/15","21"
"TRF","RWLZWTRF001","woven label","55x10mm","WOVEN LABEL ZARA LADIES BLACK (55x10mm)recycle","10.5","No sampling",,"DHL#8349248622","2019/1/5",,"22"
"TRF","RWLZWTRF003","woven label","10x65mm","WOVEN LABEL ZARA LADIES BLACK (65x10mm)recycle","11.55","Resubmitted",,"DHL#8349248622","2019/1/5",,"23"
"TRF","RWLZWTRF005","woven label","12x80mm","WOVEN LABEL ZARA LADIES BLACK (80x12mm)recycle","13.65","No sampling",,"DHL#8349248622","2019/1/5",,"24"
"TRF","RWLZWTRF007","woven label","15x70mm","WOVEN LABEL ZARA LADIES BLACK (70x15mm)recycle","15.75","No sampling",,"DHL#8349248622","2019/1/5",,"25"
"TRF","RWLZWTRF009","woven label","20x85mm","WOVEN LABEL ZARA LADIES BLACK (85x20mm)recycle","27.3","No sampling",,"DHL#8349248622","2019/1/5",,"26"
"TRF","RWLZWTRF011","woven label","35x35mm","WOVEN LABEL ZARA LADIES BLACK (35x35mm)recycle","17.85","No sampling",,"DHL#8349248622","2019/1/5",,"27"
"TRF","RWLZWTRF013","woven label","50x50mm","WOVEN LABEL ZARA LADIES BLACK (50x50mm)recycle","47.25","Approved ",,"DHL#2907422431(normal yarn)","2018/11/24","2018/12/15","28"
"TRF","RWLZWTRF015","woven label","70x70mm","WOVEN LABEL ZARA LADIES BLACK (70x70mm)recycle","68.25","Approved ",,"DHL#2907422431(normal yarn)","2018/11/24","2018/12/15","29"
"TRF","RWLZWTRF017","woven label","15x55mm","WOVEN LABEL ZARA LADIES TRF BLACK (15x50mm)recycle","29.925","Approved ",,"DHL#2907422431(normal yarn)","2018/11/24","2018/12/15","30"
"TRF","RWLZWTRF019","woven label","55x20mm","WOVEN LABEL ZARA LADIES TRF BLACK (55x20mm)recycle","32.9175","Approved ",,"DHL#2907422431(normal yarn)","2018/11/24","2018/12/15","31"
"TRF","RWLZWTRF021","woven label","20x20mm","WOVEN LABEL ZARA LADIES TRF BLACK (20x20mm)recycle","14.9625","Approved ",,"DHL#2907422431(normal yarn)","2018/11/24","2018/12/15","32"
"TRF","RWLZWTRF023","woven label","20x20mm","WOVEN LABEL ZARA LADIES TRF BLACK (20x20mm)recycle","14.9625","Approved ",,"DHL#2907422431(normal yarn)","2018/11/24","2018/12/15","33"
"TRF","RWLZWTRF025","woven label","20x20mm","WOVEN LABEL ZARA LADIES TRF BLACK (20x20mm)recycle","14.9625","Approved ",,"DHL#2907422431(normal yarn)","2018/11/24","2018/12/15","34"
"TRF","RWLZWTRF027","woven label","20x20mm","WOVEN LABEL ZARA LADIES TRF BLACK (20x20mm)recycle","14.9625","Submitted and waiting for approval",,"DHL#1522232401","2019/3/28",,"35"
"TRF","RWLZWTRF029","woven label","20x20mm","WOVEN LABEL ZARA LADIES TRF BLACK (20x20mm)recycle","14.9625","Approved ",,"DHL#2907422431(normal yarn)","2018/11/24","2018/12/15","36"
"TRF","RWLZWTRF031","woven label","20x20mm","WOVEN LABEL ZARA LADIES TRF BLACK (20x20mm)recycle","14.9625","Approved ",,"DHL#2907422431(normal yarn)","2018/11/24","2018/12/15","37"
"TRF","RWLZWTRF035","woven label","20x20mm","WOVEN LABEL ZARA LADIES TRF BLACK (20x20mm)recycle","14.9625","Approved ",,"DHL#2907422431(normal yarn)","2018/11/24","2018/12/15","38"
"TRF","RWLZWTRF037","woven label","9x50mm","WOVEN LABEL ZARA LADIES TRF WHITE (9x50mm)recycle","13.715625","Approved ",,"DHL#2907422431(normal yarn)","2018/11/24","2018/12/15","39"
"TRF","RWLZWTRF039","woven label","55x10mm","WOVEN LABEL ZARA LADIES TRF WHITE (55x10mm)recycle","14.9625","Approved ",,"DHL#2907422431(normal yarn)","2018/11/24","2018/12/15","40"
"TRF","RWLZWTRF041","woven label","20x20mm","WOVEN LABEL ZARA LADIES TRF BLACK (20x20mm)recycle","14.9625","Approved ",,"DHL#2907422431(normal yarn)","2018/11/24","2018/12/15","41"
"TRF","WTZWTRF001","Waist tag","50x102mm","WAIST TAG ZARA TRF (50x102mm)","16","Approved",,"DHL#2907422431","2018/11/24","2018/12/15","42"
"TRF","WTZWTRF002","Waist tag","50x102mm","WAIST TAG ZARA TRF (50x102mm)","16","Approved",,"DHL#2907422431","2018/11/24","2018/12/15","43"
"TRF","WTZWTRF003","Waist tag","50x102mm","WAIST TAG ZARA TRF (50x102mm)","16","Approved",,"DHL#2907422431","2018/11/24","2018/12/15","44"
"TRF","WTZWTRF004","Waist tag","50x102mm","WAIST TAG ZARA TRF (50x102mm)","16","Approved",,"DHL#2907422431","2018/11/24","2018/12/15","45"
"TRF","WTZWTRF005","Waist tag","50x102mm","WAIST TAG ZARA TRF (50x102mm)","16","Approved",,"DHL#2907422431","2018/11/24","2018/12/15","46"
"TRF","WTZWTRF006","Waist tag","50x102mm","WAIST TAG ZARA TRF (50x102mm)","16","Approved",,"DHL#2907422431","2018/11/24","2018/12/15","47"
"TRF","WTZWTRF007","Waist tag","50x102mm","WAIST TAG ZARA TRF (50x102mm)","16","Approved",,"DHL#2907422431","2018/11/24","2018/12/15","48"
"TRF","WTZWTRF008","Waist tag","50x102mm","WAIST TAG ZARA TRF (50x102mm)","16","Approved",,"DHL#2907422431","2018/11/24","2018/12/15","49"
"TRF","WTZWTRF009","Waist tag","50x102mm","WAIST TAG ZARA TRF (50x102mm)","16","No sampling",,,,,"50"
"TRF","WTZWTRF010","Waist tag","50x102mm","WAIST TAG ZARA TRF (50x102mm)","16","No sampling",,,,,"51"
"TRF","WTZWTRF011","Waist tag","50x102mm","WAIST TAG ZARA TRF (50x102mm)","16","Waiting for information",,"DHL# 1522232401","2019/3/26",,"52"
"TRF","WTZWTRF012","Waist tag","50x102mm","WAIST TAG ZARA TRF (50x102mm)","16","No sampling",,"DHL#8349248622","2019/1/5",,"53"
"TRF","WTZWTRF013","Waist tag","50x102mm","WAIST TAG ZARA TRF (50x102mm)","16","No sampling",,"DHL#8349248622","2019/1/5",,"54"
"TRF","WTZWTRF014","Waist tag","50x102mm","WAIST TAG ZARA TRF (50x102mm)","16","No sampling",,"DHL#8349248622","2019/1/5",,"55"
"TRF","WTZWTRF015","Waist tag","50x102mm","WAIST TAG ZARA TRF (50x102mm)","16","No sampling",,"DHL#8349248622","2019/1/5",,"56"
"TRF","WTZWTRF016","Waist tag","50x102mm","WAIST TAG ZARA TRF (50x102mm)","16","No sampling",,"DHL#8349248622","2019/1/5",,"57"
"TRF","WTZWTRF017","Waist tag","50x102mm","WAIST TAG ZARA TRF (50x102mm)","16","No sampling",,"DHL#8349248622","2019/1/5",,"58"
"TRF","WTZWTRF018","Waist tag","50x102mm","WAIST TAG ZARA TRF (50x102mm)","16","No sampling",,"DHL#8349248622","2019/1/5",,"59"
"TRF","WTZWTRF019","Waist tag","50x102mm","WAIST TAG ZARA TRF (50x102mm)","16","No sampling",,"DHL#8349248622","2019/1/5",,"60"
"TRF","WTZWTRF020","Waist tag","50x102mm","WAIST TAG ZARA TRF (50x102mm)","16","No sampling",,"DHL#8349248622","2019/1/5",,"61"
"TRF","WTZWTRF021","Waist tag","50x102mm","WAIST TAG ZARA TRF (50x102mm)","16","No sampling",,"DHL#8349248622","2019/1/5",,"62"
"Woman","HPZWWOM002","Hangtag","55x110mm","HANGTAG ZARA WOMAN (55x110mm) MATT LAMINATED ON 2 SIDES | DYED GARMENTS
hangtag + blue+red piggy 2.0 sticker","33","Approved",,"DHL# 1522232401","2019/3/26",,"63"
"Woman","HPZWWOM002","Hangtag","55x110mm","HANGTAG ZARA WOMAN (55x110mm) MATT LAMINATED ON 2 SIDES | DYED GARMENTS
hangtag + black piggy 2.0 sticker","30.5","Waiting for information",,"DHL# 1522232401","2019/3/26",,"64"
"Woman","HPZWWOM002","Hangtag","55x110mm","HANGTAG ZARA WOMAN (55x110mm) MATT LAMINATED ON 2 SIDES | DYED GARMENTS
hangtag only","23","Waiting for information",,"DHL# 1522232401","2019/3/26",,"65"
"Woman","MOON001","String","210mm","BLACK WAXED LOCKPIN (210mm)","9.5","Waiting for information",,"DHL#8349248622","2019/1/5",,"66"
"Woman","MOON002","String","210mm","WHITE WAXED LOCKPIN (210 mm / General)","9.5","Waiting for information",,"DHL#8349248622","2019/1/5",,"67"
"Woman","WLZWPRD001","Woven label","55x10mm","WOVEN LABEL ZARA WOMAN (55x10mm)","10","Submitted",,"DHL#2907422431","2018/11/24","2018/12/15","68"
"Woman","WLZWPRD002","Woven label","55x10mm","WOVEN LABEL ZARA WOMAN (55x10mm)","10","Approved",,"DHL#2907422431","2018/11/24","2018/12/15","69"
"Woman","WLZWPRD0024","Woven label","35x30mm","WOVEN LABEL ZARA WOMAN ","17","Approved",,"DHL#2907422431","2018/11/24","2018/12/15","70"
"Woman","WLZWPRD003","Woven label","10x65mm","WOVEN LABEL ZARA WOMAN (65x10mm)","11","Approved",,"DHL#2907422431","2018/11/24","2018/12/15","71"
"Woman","WLZWPRD004","Woven label","10x65mm","WOVEN LABEL ZARA WOMAN (65x10mm)","11","Approved",,"DHL#2907422431","2018/11/24","2018/12/15","72"
"Woman","WLZWPRD005","Woven label","12x80mm","WOVEN LABEL ZARA WOMAN (80x12mm)","13","Approved",,"DHL#2907422431","2018/11/24","2018/12/15","73"
"Woman","WLZWPRD006","Woven label","12x80mm","WOVEN LABEL ZARA WOMAN (80x12mm)","13","Approved",,"DHL#2907422431","2018/11/24","2018/12/15","74"
"Woman","WLZWPRD007","Woven label","15x70mm","WOVEN LABEL ZARA WOMAN (70x15mm)","15","Approved",,"DHL#2907422431","2018/11/24","2018/12/15","75"
"Woman","WLZWPRD008","Woven label","15x70mm","WOVEN LABEL ZARA WOMAN (70x15mm)","15","Approved",,"DHL#2907422431","2018/11/24","2018/12/15","76"
"Woman","WLZWPRD009","Woven label","20x85mm","WOVEN LABEL ZARA WOMAN (85x20mm)","26","Approved",,"DHL#2907422431","2018/11/24","2018/12/15","77"
"Woman","WLZWPRD010","Woven label","20x85mm","WOVEN LABEL ZARA WOMAN (85x20mm)","26","Approved",,"DHL#2907422431","2018/11/24","2018/12/15","78"
"Woman","WLZWPRD011","Woven label","35x35mm","WOVEN LABEL ZARA WOMAN (35x35mm)","17","Approved",,"DHL#2907422431","2018/11/24","2018/12/15","79"
"Woman","WLZWPRD012","Woven label","35x35mm","WOVEN LABEL ZARA WOMAN (35x35mm)","17","Approved",,"DHL#2907422431","2018/11/24","2018/12/15","80"
"Woman","WLZWPRD013","Woven label","50x50mm","WOVEN LABEL ZARA WOMAN (50x50mm)","45","Approved",,"DHL#2907422431","2018/11/24","2018/12/15","81"
"Woman","WLZWPRD014","Woven label","50x50mm","WOVEN LABEL ZARA WOMAN (50x50mm)","45","Approved",,"DHL#2907422431","2018/11/24","2018/12/15","82"
"Woman","WLZWPRD015","Woven label","65x20mm","WOVEN LABEL ZARA WOMAN
","25","Approved",,"DHL#2907422431","2018/11/24","2018/12/15","83"
"Woman","WLZWPRD016","Woven label","65x20mm","WOVEN LABEL ZARA WOMAN","25","Approved",,"DHL#2907422431","2018/11/24","2018/12/15","84"
"Woman","WLZWPRD019","Woven label","70x70mm","WOVEN LABEL ZARA WOMAN (70x70mm)","65","Approved",,"DHL#2907422431","2018/11/24","2018/12/15","85"
"Woman","WLZWPRD020","Woven label","70x70mm","WOVEN LABEL ZARA WOMAN (70x70mm)","65","Approved",,"DHL#2907422431","2018/11/24","2018/12/15","86"
"Woman","WLZWPRD023","Woven label","35x30mm","WOVEN LABEL ZARA WOMAN (35x30mm)
","17","Approved",,"DHL#2907422431","2018/11/24","2018/12/15","87"
"Woman","WLZWPRD025","Woven label","8x20mm","WOVEN LABEL ZARA WOMAN ","7","Approved",,"DHL#2907422431","2018/11/24","2018/12/15","88"
"Woman","WLZWPRD026","Woven label","8x20mm","WOVEN LABEL ZARA WOMAN ","7","Approved",,"DHL#2907422431","2018/11/24","2018/12/15","89"
"Woman","WTZWUNS001","Waist tag","50x90mm","WAIST TAG ZARA WOMAN (50x90mm)","15","Waiting for information",,"DHL#8349248622","2019/1/5",,"90"
"Woman","WTZWUNS002","Waist tag","50x90mm","WAIST TAG ZARA WOMAN (50x90mm)","15","Approved",,"DHL#2907422431","2018/11/24","2018/12/15","91"
"Woman","WTZWUNS003","Waist tag","50x90mm","WAIST TAG ZARA WOMAN (50x90mm)","15","Approved",,"DHL#2907422431","2018/11/24","2018/12/15","92"
"Woman","WTZWUNS004","Waist tag","50x90mm","WAIST TAG ZARA WOMAN (50x90mm)","15","Approved",,"DHL#2907422431","2018/11/24","2018/12/15","93"
"Woman","WTZWUNS005","Waist tag","50x90mm","WAIST TAG ZARA WOMAN (50x90mm)","15","Approved",,"DHL#2907422431","2018/11/24","2018/12/15","94"
"Woman","WTZWUNS006","Waist tag","80x105mm","WAIST TAG ZARA WOMAN (80x105mm)","22","Approved",,"DHL#2907422431","2018/11/24","2018/12/15","95"
"Woman","WTZWUNS007","Waist tag","80x105mm","WAIST TAG ZARA WOMAN (80x105mm)","22","Approved",,"DHL#2907422431","2018/11/24","2018/12/15","96"
"Woman","WTZWUNS008","Waist tag","80x105mm","WAIST TAG ZARA WOMAN (80x105mm)","22","Approved",,"DHL#2907422431","2018/11/24","2018/12/15","97"
"Woman","WTZWUNS009","Waist tag","80x105mm","WAIST TAG ZARA WOMAN (80x105mm)","22","Approved",,"DHL#2907422431","2018/11/24","2018/12/15","98"
"Woman","WTZWUNS010","Waist tag","80x105mm","WAIST TAG ZARA WOMAN (80x105mm)","22","Approved",,"DHL#2907422431","2018/11/24","2018/12/15","99"
"Woman","WTZWUNS011","Waist tag","80x105mm","WAIST TAG ZARA WOMAN (80x105mm)","22","Approved",,"DHL#2907422431","2018/11/24","2018/12/15","100"
"Woman","WTZWUNS012","Waist tag","80x105mm","WAIST TAG ZARA WOMAN (80x105mm)","22","Approved",,"DHL#2907422431","2018/11/24","2018/12/15","101"
"Woman","WTZWUNS013","Waist tag","80x105mm","WAIST TAG ZARA WOMAN (80x105mm)","22",,,,,,"102"
"Woman","WTZWUNS014","Waist tag","80x105mm","WAIST TAG ZARA WOMAN (80x105mm)","22",,,,,,"103"
"Woman","WTZWUNS015","Waist tag","80x105mm","WAIST TAG ZARA WOMAN (80x105mm)","22",,,,,,"104"
"Woman","WTZWUNS016","Waist tag","80x105mm","WAIST TAG ZARA WOMAN (80x105mm)","22",,,,,,"105"
"WOMAN Additionals","ADZWCIR001","hangtag","55x50mm","AD HANGTAG ZARA WOMAN (55x50mm)","8","No sampling",,,,,"106"
"WOMAN Additionals","ADZWPRD001","hangtag","55x50mm","AD HANGTAG ZARA WOMAN (55x50mm)","8","Stop development",,,,,"107"
"WOMAN Additionals","ADZWPRD002","hangtag","55x50mm","AD HANGTAG ZARA WOMAN (55x50mm)","8","Stop development",,,,,"108"
"WOMAN Additionals","ADZWPRD003","hangtag","55x50mm","AD HANGTAG ZARA WOMAN (55x50mm)","8","Stop development",,,,,"109"
"WOMAN Additionals","ADZWPRD004","hangtag","55x50mm","AD HANGTAG ZARA WOMAN (55x50mm)","8","Stop development",,,,,"110"
"WOMAN Additionals","ADZWPRD005","hangtag","55x50mm","AD HANGTAG ZARA WOMAN (55x50mm)","8","Stop development",,,,,"111"
"WOMAN Additionals","ADZWPRD006","hangtag","55x50mm","AD HANGTAG ZARA WOMAN (55x50mm)","8","Stop development",,,,,"112"
"WOMAN Additionals","ADZWPRD007","hangtag","55x50mm","AD HANGTAG ZARA WOMAN (55x50mm)","8","Approved",,,,"2019/3/15","113"
"WOMAN Additionals","ADZWPRD008","hangtag","55x50mm","AD HANGTAG ZARA WOMAN (55x50mm)","8","Approved",,,,"2019/3/15","114"
"WOMAN Additionals","ADZWPRD009","hangtag","55x50mm","AD HANGTAG ZARA WOMAN (55x50mm)","8","Approved",,,,"2019/3/15","115"
"WOMAN Additionals","ADZWPRD010","hangtag","55x50mm","AD HANGTAG ZARA WOMAN (55x50mm)","8","Approved",,,,"2019/3/15","116"
"WOMAN Additionals","ADZWPRD011","hangtag","55x50mm","AD HANGTAG ZARA WOMAN (55x50mm)","8","Submitted and waiting for approval",,"DHL#2034949523","2019/3/11",,"117"
"WOMAN Additionals","ADZWPRD012","hangtag","55x50mm","AD HANGTAG ZARA WOMAN (55x50mm)","8","Approved",,,,"2019/3/15","118"
"WOMAN Additionals","ADZWPRD013","hangtag","55x50mm","AD HANGTAG ZARA WOMAN (55x50mm)","8","Approved",,"DHL#1506366584","2019/2/23",,"119"
"WOMAN Additionals","ADZWPRD014","hangtag","55x50mm","AD HANGTAG ZARA WOMAN (55x50mm)","8","Stop development",,,,,"120"
"WOMAN Additionals","ADZWPRD015","hangtag","55x50mm","AD HANGTAG ZARA WOMAN (55x50mm)","8","Stop development",,,,,"121"
"WOMAN Additionals","ADZWPRD016","hangtag","55x50mm","AD HANGTAG ZARA WOMAN (55x50mm)","8","Stop development",,,,,"122"
"WOMAN Additionals","ADZWPRD017","hangtag","55x50mm","AD HANGTAG ZARA WOMAN (55x50mm)","8","Stop development",,,,,"123"
"WOMAN Additionals","ADZWPRD018","hangtag","55x50mm","AD HANGTAG ZARA WOMAN (55x50mm)","8","Stop development",,,,,"124"
"WOMAN Additionals","ADZWPRD019","hangtag","55x50mm","AD HANGTAG ZARA WOMAN (55x50mm)","8","Stop development",,,,,"125"
"WOMAN Additionals","ADZWPRD020","hangtag","55x50mm","AD HANGTAG ZARA WOMAN (55x50mm)","8","Waiting for approval",,,,,"126"
"WOMAN Additionals","ADZWPRD021","hangtag","55x50mm","AD HANGTAG ZARA WOMAN (55x50mm)","8","Waiting for approval",,,,,"127"
"WOMAN Additionals","ADZWPRD022","hangtag","55x50mm","AD HANGTAG ZARA WOMAN (55x50mm)","8","Waiting for approval",,,,,"128"
"WOMAN Additionals","ADZWPRD023","hangtag","55x50mm","AD HANGTAG ZARA WOMAN (55x50mm)","8","Waiting for approval",,,,,"129"
"WOMAN Additionals","ADZWPRD024","hangtag","55x50mm","AD HANGTAG ZARA WOMAN (55x50mm)","8","Waiting for approval",,,,,"130"
"WOMAN Additionals","ADZWPRD025","hangtag","55x50mm","AD HANGTAG ZARA WOMAN (55x50mm)","8","Waiting for approval",,,,,"131"
"WOMAN Additionals","ADZWPRD026","hangtag","55x50mm","AD HANGTAG ZARA WOMAN (55x50mm)","8","Submitted and waiting for approval",,"
    DHL# 1522232401
","2019/3/29",,"132"
"WOMAN Additionals","ADZWPRD027","hangtag","55x50mm","AD HANGTAG ZARA WOMAN (55x50mm)","8","Submitted and waiting for approval",,"
    DHL# 1522232401
","2019/3/29",,"133"
"WOMAN Additionals","ADZWPRD028","hangtag","55x50mm","AD HANGTAG ZARA WOMAN (55x50mm)","8","Submitted and waiting for approval",,"
    DHL# 1522232401
","2019/3/29",,"134"
"WOMAN Additionals","ADZWPRD029","hangtag","55x50mm","AD HANGTAG ZARA WOMAN (55x50mm)","8","Waiting for approval",,,,,"135"
"WOMAN Additionals","ADZWPRD030","hangtag","55x50mm","AD HANGTAG ZARA WOMAN (55x50mm)","8","Waiting for approval",,,,,"136"
"WOMAN Additionals","ADZWPRD031","hangtag","55x50mm","AD HANGTAG ZARA WOMAN (55x50mm)","8","Waiting for approval",,,,,"137"
"WOMAN Additionals","ADZWPRD032","hangtag","55x50mm","AD HANGTAG ZARA WOMAN (55x50mm)","8","Waiting for approval",,,,,"138"
"WOMAN Additionals","ADZWPRD033","hangtag","55x50mm","AD HANGTAG ZARA WOMAN (55x50mm)","8","Waiting for approval",,,,,"139"
"WOMAN Additionals","ADZWPRD034","hangtag","55x50mm","AD HANGTAG ZARA WOMAN (55x50mm)","8","Waiting for approval",,,,,"140"
"WOMAN Additionals","ADZWPRD035","hangtag","55x50mm","AD HANGTAG ZARA WOMAN (55x50mm)","8","Waiting for approval",,,,,"141"
"WOMAN Additionals","ADZWPRD036","hangtag","55x50mm","AD HANGTAG ZARA WOMAN (55x50mm)","8","Waiting for approval",,,,,"142"
"WOMAN Additionals","ADZWPRD037","hangtag","55x50mm","AD HANGTAG ZARA WOMAN (55x50mm)","8","Waiting for approval",,,,,"143"
"WOMAN Additionals","ADZWPRD038","hangtag","55x50mm","AD HANGTAG ZARA WOMAN (55x50mm)","8","Submitted and waiting for approval",,"DHL#5507920224","2019/2/28",,"144"
"WOMAN Additionals","ADZWPRD039","hangtag","55x50mm","AD HANGTAG ZARA WOMAN (55x50mm)","8","Approved",,,,"2019/3/15","145"
"WOMAN Additionals","ADZWPRD040","hangtag","55x50mm","AD HANGTAG ZARA WOMAN (55x50mm)","8","Approved",,,,"2019/3/15","146"
"WOMAN Additionals","ADZWPRD041","hangtag","55x50mm","AD HANGTAG ZARA WOMAN (55x50mm)","8","Approved",,,,"2019/3/15","147"
"WOMAN Additionals","ADZWPRD042","hangtag","55x50mm","AD HANGTAG ZARA WOMAN (55x50mm)","8","Approved",,,,"2019/3/15","148"
"WOMAN Additionals","ADZWPRD043","hangtag","55x50mm","AD HANGTAG ZARA WOMAN (55x50mm)","8","Approved",,,,"2019/3/15","149"
"WOMAN Additionals","ADZWPRD044","hangtag","55x50mm","AD HANGTAG ZARA WOMAN (55x50mm)","8","Approved",,,,"2019/3/15","150"
"WOMAN Additionals","ADZWPRD045","hangtag","55x50mm","AD HANGTAG ZARA WOMAN (55x50mm)","8","Approved",,"DHL#8349248622","2019/1/5","2019/3/15","151"
"WOMAN Additionals","ADZWPRD046","hangtag","55x50mm","AD HANGTAG ZARA WOMAN (55x50mm)","8","Approved",,"DHL#2034949523","2019/3/11","2019/3/15","152"
"WOMAN Additionals","ADZWPRD047","hangtag","55x50mm","AD HANGTAG ZARA WOMAN (55x50mm)","8","Approved",,"DHL#1506366584","2019/2/23","2019/3/15","153"
"WOMAN Additionals","ADZWPRD048","hangtag","55x50mm","AD HANGTAG ZARA WOMAN (55x50mm)","8","Approved",,,,"2018/12/15","154"
"WOMAN Additionals","ADZWPRD049","hangtag","55x50mm","AD HANGTAG ZARA WOMAN (55x50mm)","8","Approved",,"DHL#8349248622","2019/1/5","2018/12/15","155"
"WOMAN Additionals","ADZWPRD050","hangtag","55x50mm","AD HANGTAG ZARA WOMAN (55x50mm)","8","Approved",,"DHL#8349248622","2019/1/5","2018/12/15","156"
"WOMAN Additionals","ADZWPRD051","hangtag","55x50mm","AD HANGTAG ZARA WOMAN (55x50mm)","8","Approved",,"DHL#8349248622","2019/1/5","2018/12/15","157"
"WOMAN Additionals","ADZWTRF001","hangtag","55x50mm","AD HANGTAG ZARA WOMAN (55x50mm)","8","Approved",,,,"2018/12/15","158"
"WOMAN Additionals","ADZWTRF002","hangtag","55x50mm","AD HANGTAG ZARA WOMAN (55x50mm)","8","Approved",,,,"2018/12/15","159"
"WOMAN Additionals","ADZWTRF003","hangtag","55x50mm","AD HANGTAG ZARA WOMAN (55x50mm)","8","Approved",,,,"2018/12/15","160"
"WOMAN Additionals","ADZWTRF004","hangtag","55x50mm","AD HANGTAG ZARA WOMAN (55x50mm)","8","Approved",,"DHL#8349248622","2019/1/5","2018/12/15","161"
"WOMAN Additionals","ADZWTRF005","hangtag","55x50mm","AD HANGTAG ZARA WOMAN (55x50mm)","8","Approved",,,,"2018/12/15","162"
"WOMAN Additionals","ADZWTRF006","hangtag","55x50mm","AD HANGTAG ZARA WOMAN (55x50mm)","8","Approved",,"DHL#8349248622","2019/1/5","2018/12/15","163"
"WOMAN Additionals","ADZWTRF007","hangtag","55x50mm","AD HANGTAG ZARA WOMAN (55x50mm)","8","Approved",,,,"2018/12/15","164"
"WOMAN Additionals","ADZWTRF008","hangtag","55x50mm","AD HANGTAG ZARA WOMAN (55x50mm)","8","Approved",,,,"2018/12/15","165"
"WOMAN Additionals","ADZWTRF009","hangtag","55x50mm","AD HANGTAG ZARA WOMAN (55x50mm)","8","Approved",,,,"2018/12/15","166"
"WOMAN Additionals","ADZWTRF010","hangtag","55x50mm","AD HANGTAG ZARA WOMAN (55x50mm)","8","Approved",,,,"2018/12/15","167"
"WOMAN Additionals","ADZWWOM001","hangtag","55x50mm","AD HANGTAG ZARA WOMAN (55x50mm)","8","Approved",,,,"2018/12/15","168"
"WOMAN Additionals","ADZWWOM002","hangtag","55x50mm","AD HANGTAG ZARA WOMAN (55x50mm)","8","Approved",,,,"2018/12/15","169"
"WOMAN Additionals","ADZWWOM003","hangtag","55x50mm","AD HANGTAG ZARA WOMAN (55x50mm)","8","Approved",,,,"2018/12/15","170"
"WOMAN Additionals","ADZWWOM004","hangtag","55x50mm","AD HANGTAG ZARA WOMAN (55x50mm)","8","Approved",,,,"2018/12/15","171"
"WOMAN Additionals","ADZWWOM005","hangtag","55x50mm","AD HANGTAG ZARA WOMAN (55x50mm)","8","Approved",,"DHL#2907422431","2018/11/24","2018/12/15","172"
"WOMAN Additionals","ADZWWOM006","hangtag","55x50mm","AD HANGTAG ZARA WOMAN (55x50mm)","8","No sampling",,,,,"173"
"WOMAN Additionals","ADZWWOM007","hangtag","55x50mm","AD HANGTAG ZARA WOMAN (55x50mm)","8","No sampling",,,,,"174"
"WOMAN Additionals","ADZWWOM008","hangtag","55x50mm","AD HANGTAG ZARA WOMAN (55x50mm)","8","Approved",,"DHL#2907422431","2018/11/24","2018/12/15","175"
"WOMAN Additionals","ADZWWOM009","hangtag","55x50mm","AD HANGTAG ZARA WOMAN (55x50mm)","8","Approved",,"DHL#2907422431","2018/11/24","2018/12/15","176"
"WOMAN Additionals","ADZWWOM010","hangtag","55x50mm","AD HANGTAG ZARA WOMAN (55x50mm)","8","Approved",,"DHL#2907422431","2018/11/24","2018/12/15","177"
"WOMAN Additionals","ADZWWOM011","hangtag","55x50mm","AD HANGTAG ZARA WOMAN (55x50mm)","8","Approved",,"DHL#2907422431","2018/11/24","2018/12/15","178"
"WOMAN Additionals","ADZWWOM012","hangtag","55x50mm","AD HANGTAG ZARA WOMAN (55x50mm)","8","Approved",,"DHL#2907422431","2018/11/24","2018/12/15","179"
"WOMAN Additionals","ADZWWOM013","hangtag","55x50mm","AD HANGTAG ZARA WOMAN (55x50mm)","8","Approved",,"DHL#2907422431","2018/11/24","2018/12/15","180"
"WOMAN Additionals","ADZWWOM014","hangtag","55x50mm","AD HANGTAG ZARA WOMAN (55x50mm)","8","Approved",,"DHL#2907422431","2018/11/24","2018/12/15","181"
"WOMAN Additionals","ADZWWOM015","hangtag","55x50mm","AD HANGTAG ZARA WOMAN (55x50mm)","8","Approved",,"DHL#2907422431","2018/11/24","2018/12/15","182"
"WOMAN Additionals","ADZWWOM016","hangtag","55x50mm","AD HANGTAG ZARA WOMAN (55x50mm)","8","Approved",,"DHL#2907422431","2018/11/24","2018/12/15","183"
"WOMAN Additionals","ADZWWOM017","hangtag","55x50mm","AD HANGTAG ZARA WOMAN (55x50mm)","8","Approved",,"DHL#2907422431","2018/11/24","2018/12/15","184"
"WOMAN Additionals","ADZWWOM018","hangtag","55x50mm","AD HANGTAG ZARA WOMAN (55x50mm)","8","Approved",,"DHL#2907422431","2018/11/24","2018/12/15","185"
"WOMAN Additionals","ADZWWOM019","hangtag","55x50mm","AD HANGTAG ZARA WOMAN (55x50mm)","8","Approved",,"DHL#2907422431","2018/11/24","2018/12/15","186"
"WOMAN Additionals","ADZWWOM020","hangtag","55x50mm","AD HANGTAG ZARA WOMAN (55x50mm)","8","Approved",,"DHL#2907422431","2018/11/24","2018/12/15","187"
"WOMAN Additionals","ADZWWOM021","hangtag","55x50mm","AD HANGTAG ZARA WOMAN (55x50mm)","8","Approved",,"DHL#2907422431","2018/11/24","2018/12/15","188"
"WOMAN Additionals","ADZWWOM022","hangtag","55x50mm","AD HANGTAG ZARA WOMAN (55x50mm)","8","Approved",,"DHL#2907422431","2018/11/24","2018/12/15","189"
"WOMAN Additionals","ADZWWOM023","hangtag","55x50mm","AD HANGTAG ZARA WOMAN (55x50mm)","8","Approved",,"DHL#2907422431","2018/11/24","2018/12/15","190"
"WOMAN Additionals","ADZWWOM024","hangtag","55x50mm","AD HANGTAG ZARA WOMAN (55x50mm)","8","Approved",,"DHL#2907422431","2018/11/24","2018/12/15","191"
"WOMAN Additionals","ADZWWOM025","hangtag","55x50mm","AD HANGTAG ZARA WOMAN (55x50mm)","8","Approved",,"DHL#2907422431","2018/11/24","2018/12/15","192"
"WOMAN Additionals","ADZWWOM026","hangtag","55x50mm","AD HANGTAG ZARA WOMAN (55x50mm)","8","Approved",,"DHL#2907422431","2018/11/24","2018/12/15","193"
"WOMAN Additionals","ADZWWOM027","hangtag","55x50mm","AD HANGTAG ZARA WOMAN (55x50mm)","8","Approved",,"DHL#2907422431","2018/11/24","2018/12/15","194"
"WOMAN Additionals","ADZWWOM028","hangtag","55x50mm","AD HANGTAG ZARA WOMAN (55x50mm)","8","Approved",,"DHL#2907422431","2018/11/24","2018/12/15","195"
"WOMAN Additionals","ADZWWOM029","hangtag","55x50mm","AD HANGTAG ZARA WOMAN (55x50mm)","8","Approved",,"DHL#2907422431","2018/11/24","2018/12/15","196"
"WOMAN Additionals","ADZWWOM030","hangtag","55x50mm","AD HANGTAG ZARA WOMAN (55x50mm)","8","Approved",,"DHL#2907422431","2018/11/24","2018/12/15","197"
"WOMAN Additionals","ADZWWOM031","hangtag","55x50mm","AD HANGTAG ZARA WOMAN (55x50mm)","8","Approved",,"DHL#2907422431","2018/11/24","2018/12/15","198"
"WOMAN Additionals","ADZWWOM032","hangtag","55x50mm","AD HANGTAG ZARA WOMAN (55x50mm)","8","Approved",,"DHL#2907422431","2018/11/24","2018/12/15","199"
"WOMAN Additionals","ADZWWOM033","hangtag","55x50mm","AD HANGTAG ZARA WOMAN (55x50mm)","8","Approved",,"DHL#2907422431","2018/11/24","2018/12/15","200"
"WOMAN Additionals","ADZWWOM034","hangtag","55x50mm","AD HANGTAG ZARA WOMAN (55x50mm)","8","Approved",,"DHL#2907422431","2018/11/24","2018/12/15","201"
"WOMAN Additionals","ADZWWOM035","hangtag","55x50mm","AD HANGTAG ZARA WOMAN (55x50mm)","8","Approved",,"DHL#2907422431","2018/11/24","2018/12/15","202"
"WOMAN Additionals","ADZWWOM036","hangtag","55x50mm","AD HANGTAG ZARA WOMAN (55x50mm)","8","Approved",,"DHL#2907422431","2018/11/24","2018/12/15","203"
"WOMAN Additionals","ADZWWOM037","hangtag","55x50mm","AD HANGTAG ZARA WOMAN (55x50mm)","8","Approved",,"DHL#2907422431","2018/11/24","2018/12/15","204"
"WOMAN Additionals","ADZWWOM038","hangtag","55x50mm","AD HANGTAG ZARA WOMAN (55x50mm)","8","Approved",,"DHL#2907422431","2018/11/24","2018/12/15","205"
"WOMAN Additionals","ADZWWOM039","hangtag","55x50mm","AD HANGTAG ZARA WOMAN (55x50mm)","8","Approved",,"DHL#2907422431","2018/11/24","2018/12/15","206"
"WOMAN Additionals","ADZWWOM040","hangtag","55x50mm","AD HANGTAG ZARA WOMAN (55x50mm)","8","Approved",,"DHL#2907422431","2018/11/24","2018/12/15","207"
"WOMAN Additionals","ADZWWOM041","hangtag","55x50mm","AD HANGTAG ZARA WOMAN (55x50mm)","8","Approved",,"DHL#2907422431","2018/11/24","2018/12/15","208"
"WOMAN Additionals","ADZWWOM042","hangtag","55x50mm","AD HANGTAG ZARA WOMAN (55x50mm)","8","Approved",,"DHL#2907422431","2018/11/24","2018/12/15","209"
"WOMAN Additionals","ADZWWOM043","hangtag","55x50mm","AD HANGTAG ZARA WOMAN (55x50mm)","8","Approved",,"DHL#2907422431","2018/11/24","2018/12/15","210"
"WOMAN Additionals","ADZWWOM044","hangtag","55x50mm","AD HANGTAG ZARA WOMAN (55x50mm)","8","Approved",,"DHL#2907422431","2018/11/24","2018/12/15","211"
"WOMAN Additionals","ADZWWOM045","hangtag","55x50mm","AD HANGTAG ZARA WOMAN (55x50mm)","8","Approved",,"DHL#2907422431","2018/11/24","2018/12/15","212"
"WOMAN Additionals","ADZWWOM046","hangtag","55x50mm","AD HANGTAG ZARA WOMAN (55x50mm)","8","Approved",,"DHL#2907422431","2018/11/24","2018/12/15","213"
"WOMAN Additionals","ADZWWOM047","hangtag","55x50mm","AD HANGTAG ZARA WOMAN (55x50mm)","8","Approved",,"DHL#2907422431","2018/11/24","2018/12/15","214"
"WOMAN Additionals","ADZWWOM048","hangtag","55x50mm","AD HANGTAG ZARA WOMAN (55x50mm)","8","Approved",,"DHL#2907422431","2018/11/24","2018/12/15","215"
"WOMAN Additionals","ADZWWOM049","hangtag","55x50mm","AD HANGTAG ZARA WOMAN (55x50mm)","8","Approved",,"DHL#2907422431","2018/11/24","2018/12/15","216"
"WOMAN Additionals","ADZWWOM050","hangtag","55x50mm","AD HANGTAG ZARA WOMAN (55x50mm)","8","Approved",,"DHL#2907422431","2018/11/24","2018/12/15","217"
"WOMAN Additionals","ADZWWOM051","hangtag","55x50mm","AD HANGTAG ZARA WOMAN (55x50mm)","8","Approved",,"DHL#2907422431","2018/11/24","2018/12/15","218"
"WOMAN Additionals","ADZWWOM052","hangtag","55x50mm","AD HANGTAG ZARA WOMAN (55x50mm)","8","Approved ",,"DHL#2907422431","2018/11/24","2018/12/15","219"
"WOMAN Additionals","ADZWWOM053","hangtag","55x50mm","AD HANGTAG ZARA WOMAN (55x50mm)","8","Approved ",,"DHL#2907422431","2018/11/24","2018/12/15","220"
"WOMAN Additionals","ADZWWOM054","hangtag","55x50mm","AD HANGTAG ZARA WOMAN (55x50mm)","8","Approved ",,"DHL#2907422431","2018/11/24","2018/12/15","221"
"WOMAN Additionals","ADZWWOM055","hangtag","55x50mm","AD HANGTAG ZARA WOMAN (55x50mm)","8","Approved ",,"DHL#2907422431","2018/11/24","2018/12/15","222"
"WOMAN Additionals","ADZWWOM056","hangtag","55x50mm","AD HANGTAG ZARA WOMAN (55x50mm)","8","Approved ",,"DHL#2907422431","2018/11/24","2018/12/15","223"
"WOMAN Additionals","ADZWWOM057","hangtag","55x50mm","AD HANGTAG ZARA WOMAN (55x50mm)","8","Approved ",,"DHL#2907422431","2018/11/24","2018/12/15","224"
"WOMAN Additionals","ADZWWOM058","hangtag","55x50mm","AD HANGTAG ZARA WOMAN (55x50mm)","8","Approved ",,"DHL#2907422431","2018/11/24","2018/12/15","225"
"WOMAN Additionals","ADZWWOM059","hangtag","55x50mm","AD HANGTAG ZARA WOMAN (55x50mm)","8","Approved ",,"DHL#2907422431","2018/11/24","2018/12/15","226"
"WOMAN Additionals","ADZWWOM060","hangtag","55x50mm","AD HANGTAG ZARA WOMAN (55x50mm)","8","Approved ",,,,"2018/12/15","227"
"WOMAN Additionals","ADZWWOM061","hangtag","55x50mm","AD HANGTAG ZARA WOMAN (55x50mm)","8","Approved ",,,,,"228"
"WOMAN Additionals","ADZWWOM062","hangtag","55x50mm","AD HANGTAG ZARA WOMAN (55x50mm)","8","Approved ",,,,,"229"
"WOMAN Additionals","ADZWWOM063","hangtag","55x50mm","AD HANGTAG ZARA WOMAN (55x50mm)","8","Approved ",,,,,"230"
"WOMAN Additionals","ADZWWOM064","hangtag","55x50mm","AD HANGTAG ZARA WOMAN (55x50mm)","8","Approved ",,"DHL#2034949523","2019/3/11",,"231"
"WOMAN Additionals","ADZWWOM065","hangtag","55x50mm","AD HANGTAG ZARA WOMAN (55x50mm)","8","Approved ",,,,,"232"
"WOMAN Additionals","ADZWWOM066","hangtag","55x50mm","AD HANGTAG ZARA WOMAN (55x50mm)","8","Approved ",,,,,"233"
"WOMAN Additionals","ADZWWOM067","hangtag","55x50mm","AD HANGTAG ZARA WOMAN (55x50mm)","8","Approved ",,,,,"234"
"WOMAN Additionals","ADZWWOM068","hangtag","55x50mm","AD HANGTAG ZARA WOMAN (55x50mm)","8","Approved ",,,,,"235"
"WOMAN Additionals","ADZWWOM069","hangtag","55x50mm","AD HANGTAG ZARA WOMAN (55x50mm)","8","Approved ",,,,,"236"
"WOMAN Additionals","ADZWWOM070","hangtag","55x50mm","AD HANGTAG ZARA WOMAN (55x50mm)","8","Approved ",,,,,"237"
"WOMAN Additionals","ADZWWOM071","hangtag","55x50mm","AD HANGTAG ZARA WOMAN (55x50mm)","8","Approved ",,,,,"238"
"WOMAN Additionals","ADZWWOM072","hangtag","55x50mm","AD HANGTAG ZARA WOMAN (55x50mm)","8","Approved ",,,,,"239"
"WOMAN Additionals","ADZWWOM073","hangtag","55x50mm","AD HANGTAG ZARA WOMAN (55x50mm)","8","Approved ",,,,,"240"
"WOMAN Additionals","ADZWWOM074","hangtag","55x50mm","AD HANGTAG ZARA WOMAN (55x50mm)","8","Approved ",,,,,"241"
"WOMAN Additionals","ADZWWOM075","hangtag","55x50mm","AD HANGTAG ZARA WOMAN (55x50mm)","8","Approved ",,,,,"242"
"WOMAN Additionals","ADZWWOM076","hangtag","55x50mm","AD HANGTAG ZARA WOMAN (55x50mm)","8","Approved ",,,,,"243"
"WOMAN Additionals","ADZWWOM077","hangtag","55x50mm","AD HANGTAG ZARA WOMAN (55x50mm)","8","Approved ",,,,,"244"
"WOMAN Additionals","ADZWWOM078","hangtag","55x50mm","AD HANGTAG ZARA WOMAN (55x50mm)","8","Approved ",,,,,"245"
"WOMAN Additionals","ADZWWOM079","hangtag","55x50mm","AD HANGTAG ZARA WOMAN (55x50mm)","8","Approved ",,,,,"246"
"WOMAN Additionals","ADZWWOM080","hangtag","55x50mm","AD HANGTAG ZARA WOMAN (55x50mm)","8","Approved ",,,,,"247"
"WOMAN Additionals","ADZWWOM081","hangtag","55x50mm","AD HANGTAG ZARA WOMAN (55x50mm)","8","Approved ",,,,,"248"
"WOMAN Additionals","ADZWWOM082","hangtag","55x50mm","AD HANGTAG ZARA WOMAN (55x50mm)","8","Approved ",,,,,"249"
"WOMAN Additionals","ADZWWOM083","hangtag","55x50mm","AD HANGTAG ZARA WOMAN (55x50mm)","8","Approved ",,,,,"250"
"WOMAN Additionals","ADZWWOM084","hangtag","55x50mm","AD HANGTAG ZARA WOMAN (55x50mm)","8","Approved",,,,,"251"
"WOMAN Additionals","ADZWWOM085","hangtag","55x50mm","AD HANGTAG ZARA WOMAN (55x50mm)","8","Approved",,"DHL#2907422431","2018/11/24","2018/12/15","252"
"WOMAN Additionals","ADZWWOM086","hangtag","55x50mm","AD HANGTAG ZARA WOMAN (55x50mm)","8","Approved",,"DHL#2907422431","2018/11/24","2018/12/15","253"
"WOMAN Additionals","ADZWWOM087","hangtag","55x50mm","AD HANGTAG ZARA WOMAN (55x50mm)","8","Approved",,"DHL#2907422431","2018/11/24","2018/12/15","254"
"WOMAN Additionals","ADZWWOM088","hangtag","55x50mm","AD HANGTAG ZARA WOMAN (55x50mm)","8","Approved",,"DHL#2907422431","2018/11/24","2018/12/15","255"
"WOMAN Additionals","ADZWWOM089","hangtag","55x50mm","AD HANGTAG ZARA WOMAN (55x50mm)","8","Approved",,"DHL#2907422431","2018/11/24","2018/12/15","256"
"WOMAN Additionals","ADZWWOM090","hangtag","55x50mm","AD HANGTAG ZARA WOMAN (55x50mm)","8","Approved",,"DHL#2907422431","2018/11/24","2018/12/15","257"
"WOMAN Additionals","ADZWWOM091","hangtag","55x50mm","AD HANGTAG ZARA WOMAN (55x50mm)","8","Submitted and waiting for approval",,"DHL#5507920224","2019/2/28",,"258"
"WOMAN Additionals","ADZWWOM092","hangtag","55x50mm","AD HANGTAG ZARA WOMAN (55x50mm)","8","Approved",,"DHL#2907422431","2018/11/24","2018/12/15","259"
"WOMAN Additionals","ADZWWOM093","hangtag","55x50mm","AD HANGTAG ZARA WOMAN (55x50mm)","8","Approved",,"DHL#2907422431","2018/11/24","2018/12/15","260"
"WOMAN Additionals","ADZWWOM094","hangtag","55x50mm","AD HANGTAG ZARA WOMAN (55x50mm)","8","Approved",,"DHL#2907422431","2018/11/24","2018/12/15","261"
"WOMAN Additionals","ADZWWOM095","hangtag","55x50mm","AD HANGTAG ZARA WOMAN (55x50mm)","8","Approved",,"DHL#2907422431","2018/11/24","2018/12/15","262"
"WOMAN Additionals","ADZWWOM096","hangtag","55x50mm","AD HANGTAG ZARA WOMAN (55x50mm)","8","Approved",,"DHL#2907422431","2018/11/24","2018/12/15","263"
"WOMAN Additionals","ADZWWOM097","hangtag","55x50mm","AD HANGTAG ZARA WOMAN (55x50mm)","8","Approved",,"DHL#2907422431","2018/11/24","2018/12/15","264"
"WOMAN Additionals","ADZWWOM098","hangtag","55x50mm","AD HANGTAG ZARA WOMAN (55x50mm)","8","Approved",,"DHL#2907422431","2018/11/24","2018/12/15","265"
"WOMAN Additionals","ADZWWOM099","hangtag","55x50mm","AD HANGTAG ZARA WOMAN (55x50mm)","8","Approved",,"DHL#2907422431","2018/11/24","2018/12/15","266"
"WOMAN Additionals","ADZWWOM100","hangtag","55x50mm","AD HANGTAG ZARA WOMAN (55x50mm)","8","Approved",,"DHL#2907422431","2018/11/24","2018/12/15","267"
"WOMAN Additionals","ADZWWOM101","hangtag","55x50mm","AD HANGTAG ZARA WOMAN (55x50mm)","8","Approved",,"DHL#2907422431","2018/11/24","2018/12/15","268"
"WOMAN Additionals","ADZWWOM102","hangtag","55x50mm","AD HANGTAG ZARA WOMAN (55x50mm)","8","Approved",,"DHL#2907422431","2018/11/24","2018/12/15","269"
"WOMAN Additionals","ADZWWOM103","hangtag","55x50mm","AD HANGTAG ZARA WOMAN (55x50mm)","8","Approved",,"DHL#2907422431","2018/11/24","2018/12/15","270"
"WOMAN Additionals","ADZWWOM104","hangtag","55x50mm","AD HANGTAG ZARA WOMAN (55x50mm)","8","Approved",,"DHL#8349248622","2019/1/5","2019/1/21","271"
"WOMAN Additionals","ADZWWOM105","hangtag","55x50mm","AD HANGTAG ZARA WOMAN (55x50mm)","8","Approved",,"DHL#8349248622","2019/1/5","2019/1/21","272"
"WOMAN Additionals","ADZWWOM106","hangtag","55x50mm","AD HANGTAG ZARA WOMAN (55x50mm)","8","Approved",,"DHL#8349248622","2019/1/5","2019/1/21","273"
"WOMAN Additionals","ADZWWOM107","hangtag","55x50mm","AD HANGTAG ZARA WOMAN (55x50mm)","8","Approved",,,,"2019/3/15","274"
"WOMAN Additionals","ADZWWOM108","hangtag","55x50mm","AD HANGTAG ZARA WOMAN (55x50mm)","8","Approved",,,,"2019/3/15","275"
"WOMAN Additionals","ADZWWOM109","hangtag","55x50mm","AD HANGTAG ZARA WOMAN (55x50mm)","8","Approved",,,,"2019/3/15","276"
"WOMAN Additionals","ADZWWOM110","hangtag","55x50mm","AD HANGTAG ZARA WOMAN (55x50mm)","8","No sampling",,,,,"277"
"WOMAN Additionals","ADZWWOM111","hangtag","55x50mm","AD HANGTAG ZARA WOMAN (55x50mm)","8","No sampling",,,,,"278"
"WOMAN Additionals","ADZWWOM112","hangtag","55x50mm","AD HANGTAG ZARA WOMAN (55x50mm)","8","No sampling",,,,,"279"
"WOMAN Additionals","ADZWWOM113","hangtag","55x50mm","AD HANGTAG ZARA WOMAN (55x50mm)","8","Stop development",,,,,"280"
"WOMAN Additionals","ADZWWOM114","hangtag","55x50mm","AD HANGTAG ZARA WOMAN (55x50mm)","8","Stop development",,,,,"281"
"WOMAN Additionals","ADZWWOM115","hangtag","55x50mm","AD HANGTAG ZARA WOMAN (55x50mm)","8","Stop development",,,,,"282"
"WOMAN Additionals","ADZWWOM116","hangtag","55x50mm","AD HANGTAG ZARA WOMAN (55x50mm)","8","Approved",,"DHL#8349248622","2019/1/5","2018/12/15","283"
"WOMAN Additionals","ADZWWOM117","hangtag","55x50mm","AD HANGTAG ZARA WOMAN (55x50mm)","8","Approved",,"DHL#8349248622","2019/1/5","2018/12/15","284"
"WOMAN Additionals","ADZWWOM118","hangtag","55x50mm","AD HANGTAG ZARA WOMAN (55x50mm)","8","Approved",,,,"2019/3/15","285"
"WOMAN Additionals","ADZWWOM119","hangtag","55x50mm","AD HANGTAG ZARA WOMAN (55x50mm)","8","Approved",,,,"2018/12/15","286"
"WOMAN Additionals","ADZWWOM120","hangtag","55x50mm","AD HANGTAG ZARA WOMAN (55x50mm)","8","Stop development",,,,,"287"
"WOMAN Additionals","ADZWWOM121","hangtag","55x50mm","AD HANGTAG ZARA WOMAN (55x50mm)","8","Stop development",,,,,"288"
"WOMAN Additionals","ADZWWOM122","hangtag","55x50mm","AD HANGTAG ZARA WOMAN (55x50mm)","8","Stop development",,,,,"289"
"Woman basic","HPZWBAS001","Hangtag","55x110mm","HANG TAG ZARA BASIC (55X110mm) FSC MIX
hangtag only","19","Approved",,"DHL#2907422431","2018/11/24","2018/12/15","290"
"Woman basic","HPZWBAS001","Hangtag","55x110mm","HANG TAG ZARA BASIC (55X110mm) FSC MIX
hangtag + black piggy 2.0 sticker","26.5","Approved",,"DHL#2907422431","2018/11/24","2018/12/15","291"
"Woman basic","HPZWBAS001","Hangtag","55x110mm","HANG TAG ZARA BASIC (55X110mm) FSC MIX
hangtag + blue+red piggy 2.0 sticker","29","Approved",,"DHL#2907422431","2018/11/24","2018/12/15","292"
"Woman basic","HPZWBAS002","Hangtag","55x110mm","HANG TAG ZARA BASIC (55X110mm) FSC MIX MATT LAMINATED ON 2 SIDES | DYED GARMENTS
hangtag only","25","Approved",,"DHL#2907422431","2018/11/24","2018/12/15","293"
"Woman basic","HPZWBAS002","Hangtag","55x110mm","HANG TAG ZARA BASIC (55X110mm) FSC MIX MATT LAMINATED ON 2 SIDES | DYED GARMENTS
hangtag + black piggy 2.0 sticker","32.5","Approved",,"DHL#2907422431","2018/11/24","2018/12/15","294"
"Woman basic","HPZWBAS002","Hangtag","55x110mm","HANG TAG ZARA BASIC (55X110mm) FSC MIX MATT LAMINATED ON 2 SIDES | DYED GARMENTS
hangtag + blue+red piggy 2.0 sticker","35","Approved",,,,"2018/12/15","295"
"Woman basic","MOON001","String","210mm","BLACK WAXED LOCKPIN (210mm)","9.5","Approved",,,,"2018/12/15","296"
"Woman basic","MOON002","String","210mm","WHITE WAXED LOCKPIN (210 mm / General)","9.5","Approved",,,,"2018/12/15","297"
"Woman basic","WLZWBAS001","Woven label","55x10mm","WOVEN LABEL ZARA WOMAN (55x10mm)","10","Approved",,"DHL#8349248622","2019/1/5","2019/1/21","298"
"Woman basic","WLZWBAS002","Woven label","55x10mm","WOVEN LABEL ZARA WOMAN (55x10mm)","10","Approved",,,,"2019/3/15","299"
"Woman basic","WLZWBAS003","Woven label","10x65mm","WOVEN LABEL ZARA WOMAN (65x10mm)","11","Approved",,"DHL#8349248622","2019/1/5","2019/1/21","300"
"Woman basic","WLZWBAS004","Woven label","10x65mm","WOVEN LABEL ZARA WOMAN (65x10mm)","11","Approved",,,,"2019/3/15","301"
"Woman basic","WLZWBAS005","Woven label","12x80mm","WOVEN LABEL ZARA WOMAN (80x12mm)","13","Approved",,"DHL#2907422431","2018/11/24","2018/12/15","302"
"Woman basic","WLZWBAS006","Woven label","12x80mm","WOVEN LABEL ZARA WOMAN (80x12mm)","13","Approved",,"DHL#8349248622","2019/1/5","2019/1/21","303"
"Woman basic","WLZWBAS007","Woven label","15x70mm","WOVEN LABEL ZARA WOMAN (70x15mm)","15","Approved",,"DHL#2907422431","2018/11/24","2018/12/15","304"
"Woman basic","WLZWBAS008","Woven label","15x70mm","WOVEN LABEL ZARA WOMAN (70x15mm)","15","Approved",,"DHL#8349248622","2019/1/5","2019/1/21","305"
"Woman basic","WLZWBAS009","Woven label","20x85mm","WOVEN LABEL ZARA WOMAN (85x20mm)","26","Approved",,"DHL#2907422431","2018/11/24","2018/12/15","306"
"Woman basic","WLZWBAS010","Woven label","20x85mm","WOVEN LABEL ZARA WOMAN (85x20mm)","26","Approved",,"DHL#8349248622","2019/1/5","2019/1/21","307"
"Woman basic","WLZWBAS011","Woven label","35x35mm","WOVEN LABEL ZARA WOMAN (35x35mm)","17","Approved",,"DHL#2907422431","2018/11/24","2018/12/15","308"
"Woman basic","WLZWBAS012","Woven label","35x35mm","WOVEN LABEL ZARA WOMAN (35x35mm)","17","Approved",,"DHL#8349248622","2019/1/5","2019/1/21","309"
"Woman basic","WLZWBAS013","Woven label","50x50mm","WOVEN LABEL ZARA WOMAN (50x50mm)","45","Approved",,"DHL#2907422431","2018/11/24","2018/12/15","310"
"Woman basic","WLZWBAS014","Woven label","50x50mm","WOVEN LABEL ZARA WOMAN (50x50mm)","45","Approved",,"DHL#8349248622","2019/1/5","2019/1/21","311"
"Woman basic","WLZWBAS015","Woven label","70x70mm","WOVEN LABEL ZARA WOMAN (70x70mm)","65","Approved",,"DHL#2907422431","2018/11/24","2018/12/15","312"
"Woman basic","WLZWBAS016","Woven label","70x70mm","WOVEN LABEL ZARA WOMAN (70x70mm)","65","Approved",,"DHL#8349248622","2019/1/5","2019/1/21","313"
"Woman basic","WLZWUNS017","Woven label","8x20mm","WOVEN LABEL ZARA WOMAN ","7","Submitted and waiting for approval",,"DHL#5507920224","2019/2/28",,"314"
"Woman basic","WLZWUNS018","Woven label","8x20mm","WOVEN LABEL ZARA WOMAN ","7","Approved",,"DHL#8349248622","2019/1/5","2019/1/21","315"
"Woman basic","WTZWBAS001","Waist tag","50x90mm","WAIST TAG ZARA WOMAN (50x90mm)","13","Approved",,,,"2018/12/15","316"
"Woman basic","WTZWBAS002","Waist tag","50x90mm","WAIST TAG ZARA WOMAN (50x90mm)","13","Approved",,,,"2018/12/15","317"
"Woman basic","WTZWBAS003","Waist tag","50x90mm","WAIST TAG ZARA WOMAN (50x90mm)","13","Approved",,,,"2018/12/15","318"
"Woman basic","WTZWBAS004","Waist tag","50x90mm","WAIST TAG ZARA WOMAN (50x90mm)","13","Approved",,,,"2018/12/15","319"
"Woman basic","WTZWBAS005","Waist tag","50x90mm","WAIST TAG ZARA WOMAN (50x90mm)","13","Approved",,,,"2018/12/15","320"
"Woman basic","WTZWBAS006","Waist tag","50x90mm","WAIST TAG ZARA WOMAN (50x90mm)","13","Approved",,,,"2018/12/15","321"
"Woman basic","WTZWBAS007","Waist tag","50x90mm","WAIST TAG ZARA WOMAN (50x90mm)","13","Approved",,,,"2018/12/15","322"
"Woman basic","WTZWBAS008","Waist tag","50x90mm","WAIST TAG ZARA WOMAN (50x90mm)","13","Approved",,,,"2018/12/15","323"
"Woman basic","WTZWBAS009","Waist tag","50x90mm","WAIST TAG ZARA WOMAN (50x90mm)","13","Approved",,,,"2018/12/15","324"
"Woman basic","WTZWBAS010","Waist tag","50x90mm","WAIST TAG ZARA WOMAN (50x90mm)","13","Approved",,,,"2018/12/15","325"
"Woman basic","WTZWBAS011","Waist tag","50x90mm","WAIST TAG ZARA WOMAN (50x90mm)","13","Approved",,,,"2018/12/15","326"
"Woman basic","WTZWBAS012","Waist tag","50x90mm","WAIST TAG ZARA WOMAN (50x90mm)","13","Approved",,,,"2018/12/15","327"
"Woman basic","WTZWBAS013","Waist tag","50x90mm","WAIST TAG ZARA WOMAN (50x90mm)","13","Approved",,,,"2018/12/15","328"
"Woman basic","WTZWBAS014","Waist tag","50x90mm","WAIST TAG ZARA WOMAN (50x90mm)","13","Approved",,,,"2019/3/15","329"
"woman genericas","HPZWWOM001","hangtag","55x110mm","HANGTAG ZARA WOMAN (55x110mm)
hangtag only","19","Approved ",,"DHL#2907422431(normal yarn)","2018/11/24","2018/12/15","330"
"woman genericas","HPZWWOM001","hangtag","55x110mm","HANGTAG ZARA WOMAN ACCESSORIES (55x110mm)
hangtag + black piggy 2.0 sticker","26.5","Approved ",,"DHL#2907422431(normal yarn)","2018/11/24","2018/12/15","331"
"woman genericas","HPZWWOM001","hangtag","55x110mm","HANGTAG ZARA WOMAN ACCESSORIES (55x110mm)
hangtag + blue+red piggy 2.0 sticker","29","Submitted and waiting for approval",,"DHL#1522232401","2019/3/28",,"332"
"woman genericas","HPZWWOM002","hangtag","55x110mm","HANGTAG ZARA WOMAN (55x110mm) MATT LAMINATED ON 2 SIDES | DYED GARMENTS
hangtag only","23","Approved ",,"DHL#2907422431(normal yarn)","2018/11/24","2018/12/15","333"
"woman genericas","HPZWWOM002","hangtag","55x110mm","HANGTAG ZARA WOMAN ACCESSORIES (55x110mm)
hangtag + black piggy 2.0 sticker","30.5","Approved ",,"DHL#2907422431(normal yarn)","2018/11/24","2018/12/15","334"
"woman genericas","HPZWWOM002","hangtag","55x110mm","HANGTAG ZARA WOMAN ACCESSORIES (55x110mm)
hangtag + blue+red piggy 2.0 sticker","33","Approved ",,"DHL#2907422431","2018/11/24","2018/12/15","335"
"woman genericas","MOON001","string","210mm","BLACK WAXED LOCKPIN","9.5","Approved ",,"DHL#2907422431","2018/11/24","2018/12/15","336"
"woman genericas","MOON002","string","210mm","WHITE WAXED LOCKPIN","9.5","Approved ",,"DHL#2907422431","2018/11/24","2018/12/15","337"
"woman genericas","WLZWUNS001","woven label","55x10mm","WOVEN LABEL ZARA WOMAN (55x10mm)","10","Approved ",,"DHL#2907422431","2018/11/24","2018/12/15","338"
"woman genericas","WLZWUNS002","woven label","55x10mm","WOVEN LABEL ZARA WOMAN (55x10mm)","10","Approved ",,"DHL#2907422431","2018/11/24","2018/12/15","339"
"woman genericas","WLZWUNS003","woven label","65x10mm","WOVEN LABEL ZARA WOMAN (65x10mm)","11","Approved ",,"DHL#2907422431","2018/11/24","2018/12/15","340"
"woman genericas","WLZWUNS004","woven label","65x10mm","WOVEN LABEL ZARA WOMAN (65x10mm)","11","Approved ",,,,,"341"
"woman genericas","WLZWUNS005","woven label","80x12mm","WOVEN LABEL ZARA WOMAN (80x12mm)","13","Approved ",,,,,"342"
"woman genericas","WLZWUNS006","woven label","80x12mm","WOVEN LABEL ZARA WOMAN (80x12mm)","13","Approved",,,,,"343"
"woman genericas","WLZWUNS007","woven label","70x15mm","WOVEN LABEL ZARA WOMAN (70x15mm)","15","Approved ",,"DHL#2907422431(normal yarn)","2018/11/24","2018/12/15","344"
"woman genericas","WLZWUNS008","woven label","70x15mm","WOVEN LABEL ZARA WOMAN (70x15mm)","15","Approved ",,,,,"345"
"woman genericas","WLZWUNS009","woven label","85x20mm","WOVEN LABEL ZARA WOMAN (85x20mm)","26","Approved ",,,,,"346"
"woman genericas","WLZWUNS010","woven label","85x20mm","WOVEN LABEL ZARA WOMAN (85x20mm)","26","Approved",,"DHL#2907422431","2018/11/24","2018/12/15","347"
"woman genericas","WLZWUNS011","woven label","35x35mm","WOVEN LABEL ZARA WOMAN (35x35mm)","17","Approved",,"DHL#2907422431","2018/11/24","2018/12/15","348"
"woman genericas","WLZWUNS012","woven label","35x35mm","WOVEN LABEL ZARA WOMAN (35x35mm)","17","Approved ",,"DHL#2907422431","2018/11/24","2018/12/15","349"
"woman genericas","WLZWUNS013","woven label","50x50mm","WOVEN LABEL ZARA WOMAN (50x50mm)","45","Approved ",,"DHL#2907422431","2018/11/24","2018/12/15","350"
"woman genericas","WLZWUNS014","woven label","50x50mm","WOVEN LABEL ZARA WOMAN (50x50mm)","45","Approved ",,"DHL#2907422431","2018/11/24","2018/12/15","351"
"woman genericas","WLZWUNS015","woven label","70x70mm","WOVEN LABEL ZARA WOMAN (70x70mm)","65","Approved ",,"DHL#2907422431","2018/11/24","2018/12/15","352"
"woman genericas","WLZWUNS016","woven label","70x70mm","WOVEN LABEL ZARA WOMAN (70x70mm)","65","Approved ",,"DHL#2907422431","2018/11/24","2018/12/15","353"
"woman genericas","WLZWUNS017","woven label","8x20mm","WOVEN LABEL ZARA LADIES BLACK (8x20mm)","7","Approved ",,,,,"354"
"woman genericas","WLZWUNS018","woven label","8x20mm","WOVEN LABEL ZARA LADIES WHITE (8x20mm)","7","Approved ",,,,,"355"
"Woman knit","ADZWKNI001","box","35x55mm","ENVELOPE ZARA WOMAN KNIT (35x55mm)","15.5","Approved",,"DHL#2907422431","2018/11/24","2018/12/15","356"
"Woman knit","HPZWKNI001","Hangtag","55x110mm","HANGTAG ZARA WOMAN KNIT (55x110mm)
hangtag only","19","Approved",,"DHL#2907422431","2018/11/24","2018/12/15","357"
"Woman knit","HPZWKNI001","Hangtag","55x110mm","HANGTAG ZARA WOMAN KNIT (55x110mm)
hangtag + black piggy 2.0 sticker","26.5","Approved",,"DHL#2907422431","2018/11/24","2018/12/15","358"
"Woman knit","HPZWKNI001","Hangtag","55x110mm","HANGTAG ZARA WOMAN KNIT (55x110mm)
hangtag + blue+red piggy 2.0 sticker","29","Approved",,"DHL#2907422431","2018/11/24","2018/12/15","359"
"Woman knit","HPZWKNI002","Hangtag","55x110mm","HANGTAG ZARA WOMAN KNIT (55x110mm) MATT LAMINATED ON 2 SIDES | DYED GARMENTS
hangtag + blue+red piggy 2.0 sticker","33.5","Approved",,"DHL#2907422431","2018/11/24","2018/12/15","360"
"Woman knit","HPZWKNI002","Hangtag","55x110mm","HANGTAG ZARA WOMAN KNIT (55x110mm) MATT LAMINATED ON 2 SIDES | DYED GARMENTS
hangtag + black piggy 2.0 sticker","31","Approved",,"DHL#2907422431","2018/11/24","2018/12/15","361"
"Woman knit","HPZWKNI002","Hangtag","55x110mm","HANGTAG ZARA WOMAN KNIT (55x110mm) MATT LAMINATED ON 2 SIDES | DYED GARMENTS
hangtag only","23.5","Approved",,"DHL#2907422431","2018/11/24","2018/12/15","362"
"Woman knit","MOON001","String","210mm","BLACK WAXED LOCKPIN (210mm)","9.5","Approved",,"DHL#2907422431","2018/11/24","2018/12/15","363"
"Woman knit","WLZMUNS010","Woven Label","20x85mm","HANGTAG ZARA WOMAN KNIT (55x110mm)","26","Approved",,"DHL#2907422431","2018/11/24","2018/12/15","364"
"Woman knit","WLZWKNI001","Woven Label","40x8mm","WOVEN LABEL ZARA WOMAN (40x8mm)","7.5","Approved",,"DHL#2907422431","2018/11/24","2018/12/15","365"
"Woman knit","WLZWKNI002","Woven Label","40x8mm","WOVEN LABEL ZARA WOMAN (40x8mm)","7.5","Approved",,"DHL#2907422431","2018/11/24","2018/12/15","366"
"Woman knit","WLZWKNI003","Woven Label","40x8mm","WOVEN LABEL ZARA WOMAN (40x8mm)","7.5","Approved",,"DHL#8349248622","2019/1/5","2019/2/13","367"
"Woman knit","WLZWUNS008","Woven Label","15x70mm","WOVEN LABEL ZARA WOMAN KNIT (70x15mm)","15","Approved",,"DHL#2907422431","2018/11/24","2018/12/15","368"
"Woman knit","WLZWUNS014","Woven Label","50x50mm","WOVEN LABEL ZARA WOMAN KNIT (50x50mm)","45","Approved",,"DHL#2907422431","2018/11/24","2018/12/15","369"
"Woman knit","WLZWUNS016","Woven Label","70x70mm","WOVEN LABEL ZARA WOMAN KNIT (70x70mm)","65","Approved",,"DHL#2907422431","2018/11/24","2018/12/15","370"
"WOMAN_ Circular","HPZWBAS001","hangtag","55x110mm","HANGTAG ZARA WOMAN (55x110mm)
hangtag only","19","Approved",,"DHL#2907422431","2018/11/24","2018/12/15","371"
"WOMAN_ Circular","HPZWBAS001","hangtag","55x110mm","HANGTAG ZARA WOMAN ACCESSORIES (55x110mm)
hangtag + black piggy 2.0 sticker","26.5","Submitted and waiting for approval",,"DHL#5507920224","2019/2/28",,"372"
"WOMAN_ Circular","HPZWBAS001","hangtag","55x110mm","HANGTAG ZARA WOMAN ACCESSORIES (55x110mm)
hangtag + blue+red piggy 2.0 sticker","29","Approved",,"DHL#2907422431","2018/11/24","2018/12/15","373"
"WOMAN_ Circular","HPZWTRF001","hangtag","55x110mm","HANGTAG ZARA WOMAN ACCESSORIES (55x110mm)
hangtag + blue+red piggy 2.0 sticker","29","Approved",,"DHL#8349248622","2019/1/5","2019/1/21","374"
"WOMAN_ Circular","HPZWTRF001","hangtag","55x110mm","HANGTAG ZARA WOMAN (55x110mm)
hangtag only","19","Approved",,"DHL#2907422431","2018/11/24","2018/12/15","375"
"WOMAN_ Circular","HPZWTRF001","hangtag","55x110mm","HANGTAG ZARA WOMAN ACCESSORIES (55x110mm)
hangtag + black piggy 2.0 sticker","26.5","Approved",,"DHL#2907422431","2018/11/24","2018/12/15","376"
"WOMAN_ Circular","HPZWWOM002","hangtag","55x110mm","HANGTAG ZARA WOMAN ACCESSORIES (55x110mm)
hangtag + black piggy 2.0 sticker","30.5","Approved ",,,,,"377"
"WOMAN_ Circular","HPZWWOM002","hangtag","55x110mm","HANGTAG ZARA WOMAN (55x110mm)
hangtag only","23","Approved ",,,,,"378"
"WOMAN_ Circular","HPZWWOM002","hangtag","55x110mm","HANGTAG ZARA WOMAN ACCESSORIES (55x110mm)
hangtag + blue+red piggy 2.0 sticker","33","Approved ",,,,,"379"
"WOMAN_ Circular","MOON001","string","210mm","BLACK WAXED LOCKPIN","9.5","Approved",,"DHL#8349248622","2019/1/5","2019/1/21","380"
"WOMAN_ Circular","MOON001","string","210mm","BLACK WAXED LOCKPIN","9.5","Approved ",,,,,"381"
"WOMAN_ Circular","MOON001","string","210mm","BLACK WAXED LOCKPIN","9.5","Approved",,"DHL#2907422431","2018/11/24","2018/12/15","382"
"WOMAN_ Circular","MOON002","string","210mm","WHITE WAXED LOCKPIN","9.5","Approved",,"DHL#8349248622","2019/1/5","2019/1/21","383"
"WOMAN_ Circular","MOON002","string","210mm","WHITE WAXED LOCKPIN","9.5","Approved",,"DHL#2907422431","2018/11/24","2018/12/15","384"
"WOMAN_ Circular","MOON002","string","210mm","WHITE WAXED LOCKPIN","9.5","Approved",,"DHL#2907422431","2018/11/24","2018/12/15","385"
"WOMAN_ Circular","RWLZWTRF001","woven label","55x10mm","WOVEN LABEL ZARA WOMAN","10.5","Approved",,,,"2019/3/15","386"
"WOMAN_ Circular","RWLZWTRF002","woven label","55x10mm","WOVEN LABEL ZARA WOMAN","10.5","Approved",,,,"2019/3/15","387"
"WOMAN_ Circular","RWLZWTRF011","woven label","35x35mm","WOVEN LABEL ZARA WOMAN","18","Approved",,,,"2019/3/15","388"
"WOMAN_ Circular","RWLZWTRF012","woven label","35x35mm","WOVEN LABEL ZARA WOMAN","18","Approved",,,,"2019/3/15","389"
"WOMAN_ Circular","WLZWBAS001","woven label","55x10mm","WOVEN LABEL ZARA WOMAN","10","Approved",,"DHL#2907422431","2018/11/24","2018/12/15","390"
"WOMAN_ Circular","WLZWBAS002","woven label","55x10mm","WOVEN LABEL ZARA WOMAN","10","Approved",,"DHL#2907422431","2018/11/24","2018/12/15","391"
"WOMAN_ Circular","WLZWBAS011","woven label","35x35mm","WOVEN LABEL ZARA WOMAN","17","Approved",,"DHL#2907422431","2018/11/24","2018/12/15","392"
"WOMAN_ Circular","WLZWBAS012","woven label","35x35mm","WOVEN LABEL ZARA WOMAN","17","Approved",,"DHL#2907422431","2018/11/24","2018/12/15","393"
"WOMAN_ Circular","WLZWPRD001","woven label","55x10mm","WOVEN LABEL ZARA WOMAN","10","Approved",,"DHL#2907422431","2018/11/24","2018/12/15","394"
"WOMAN_ Circular","WLZWPRD002","woven label","55x10mm","WOVEN LABEL ZARA WOMAN","10","Approved",,"DHL#2907422431","2018/11/24","2018/12/15","395"
"WOMAN_ Circular","WLZWPRD007","woven label","35x35mm","WOVEN LABEL ZARA WOMAN","17","Approved",,"DHL#2907422431","2018/11/24","2018/12/15","396"
"WOMAN_ Circular","WLZWPRD008","woven label","35x35mm","WOVEN LABEL ZARA WOMAN","17","Approved",,"DHL#2907422431","2018/11/24","2018/12/15","397"
"Women Premium Denim","HPZWWOM002","Hangtag","55x110mm","HANGTAG ZARA WOMAN (55x110mm) MATT LAMINATED ON 2 SIDES | DYED GARMENTS
hangtag only","23","Approved",,,,"2019/3/15","398"
"Women Premium Denim","HPZWWOM002","Hangtag","55x110mm","HANGTAG ZARA WOMAN (55x110mm) MATT LAMINATED ON 2 SIDES | DYED GARMENTS
hangtag + black piggy 2.0 sticker","30.5","Approved",,"DHL#2034949523","2019/3/11","2019/3/15","399"
"Women Premium Denim","HPZWWOM002","Hangtag","55x110mm","HANGTAG ZARA WOMAN (55x110mm) MATT LAMINATED ON 2 SIDES | DYED GARMENTS
hangtag + blue+red piggy 2.0 sticker","33","Approved",,,,,"400"
"Women Premium Denim","MOON001","STRING","210mm","BLACK WAXED LOCKPIN (210mm)","9.5","Approved",,"DHL#2907422431","2018/11/24","2018/12/15","401"
"Women Premium Denim","WLZWPRD001","Woven label","55x10mm","WOVEN LABEL ZARA WOMAN (55x10mm)","10","Approved",,"DHL#2907422431","2018/11/24","2018/12/15","402"
"Women Premium Denim","WLZWPRD0022","Woven label","15x50mm","WOVEN LABEL ZARA WOMAN DENIM OFF WHITE (15x50mm)","22","Stop development",,"DHL#4499365301","2018/11/16",,"403"
"Women Premium Denim","WLZWPRD0024","Woven label","35x30mm","WOVEN LABEL ZARA WOMAN DENIM OFF WHITE (35x30mm)","17","Stop development",,,,,"404"
"Women Premium Denim","WLZWPRD003","Woven label","10x65mm","WOVEN LABEL ZARA WOMAN (65x10mm)","11","Approved",,"DHL#8349248622","2019/1/5","2019/1/21","405"
"Women Premium Denim","WLZWPRD004","Woven label","10x65mm","WOVEN LABEL ZARA WOMAN OFF WHITE (65x10mm)","11","Approved",,"DHL#2907422431","2018/11/24","2018/12/15","406"
"Women Premium Denim","WLZWPRD005","Woven label","12x80mm","WOVEN LABEL ZARA WOMAN (80x12mm)","13","Approved",,"DHL#8349248622","2019/1/5","2019/1/21","407"
"Women Premium Denim","WLZWPRD006","Woven label","12x80mm","WOVEN LABEL ZARA WOMAN OFF WHITE (80x12mm)","13","Approved",,"DHL#2907422431","2018/11/24","2018/12/15","408"
"Women Premium Denim","WLZWPRD007","Woven label","35x35mm","WOVEN LABEL ZARA WOMAN (35x35mm)","17","Approved",,"DHL#8349248622","2019/1/5","2019/1/21","409"
"Women Premium Denim","WLZWPRD008","Woven label","35x35mm","WOVEN LABEL ZARA WOMAN OFF WHITE (35x35mm)","17","Approved",,"DHL#2907422431","2018/11/24","2018/12/15","410"
"Women Premium Denim","WLZWPRD009","Woven label","15x70mm","WOVEN LABEL ZARA WOMAN (70x15mm)","15","Approved",,"DHL#8349248622","2019/1/5","2019/1/21","411"
"Women Premium Denim","WLZWPRD010","Woven label","15x70mm","WOVEN LABEL ZARA WOMAN OFF WHITE (70x15mm)","15","Approved",,"DHL#2907422431","2018/11/24","2018/12/15","412"
"Women Premium Denim","WLZWPRD011","Woven label","20x85mm","WOVEN LABEL ZARA WOMAN (85x20mm)","26","Approved",,"DHL#8349248622","2019/1/5","2019/1/21","413"
"Women Premium Denim","WLZWPRD012","Woven label","20x85mm","WOVEN LABEL ZARA WOMAN OFF WHITE (85x20mm)","26","Approved",,"DHL#2907422431","2018/11/24","2018/12/15","414"
"Women Premium Denim","WLZWPRD013","Woven label","50x50mm","WOVEN LABEL ZARA WOMAN (50x50mm)","45","Approved",,"DHL#8349248622","2019/1/5","2019/1/21","415"
"Women Premium Denim","WLZWPRD014","Woven label","50x50mm","WOVEN LABEL ZARA WOMAN OFF WHITE (50x50mm)","45","Approved",,"DHL#2907422431","2018/11/24","2018/12/15","416"
"Women Premium Denim","WLZWPRD015","Woven label","65x20mm","WOVEN LABEL ZARA WOMAN DENIM BLACK (65x20mm)","19","Approved",,"DHL#8349248622","2019/1/5","2019/1/21","417"
"Women Premium Denim","WLZWPRD016","Woven label","65x20mm","WOVEN LABEL ZARA WOMAN DENIM OFF WHITE (65x20mm)","22","Approved",,"DHL#2907422431","2018/11/24","2018/12/15","418"
"Women Premium Denim","WLZWPRD019","Woven label","70x70mm","WOVEN LABEL ZARA WOMAN (70x70mm)","65","Approved",,"DHL#8349248622","2019/1/5","2019/1/21","419"
"Women Premium Denim","WLZWPRD020","Woven label","70x70mm","WOVEN LABEL ZARA WOMAN OFF WHITE (70x70mm)","65","Approved",,"DHL#2907422431","2018/11/24","2018/12/15","420"
"Women Premium Denim","WLZWPRD021","Woven label","15x50mm","WOVEN LABEL ZARA WOMAN DENIM BLACK (15x50mm)","22","Approved",,"DHL#2907422431","2018/11/24","2018/12/15","421"
"Women Premium Denim","WLZWPRD023","Woven label","35x30mm","WOVEN LABEL ZARA WOMAN DENIM BLACK (35x30mm)","17","Approved",,"DHL#8349248622","2019/1/5","2019/1/21","422"
"Women Premium Denim","WLZWPRD025","Woven label","8x20mm","WOVEN LABEL ZARA LADIES BLACK (8x20mm)","7","Approved",,"DHL#2907422431","2018/11/24","2018/12/15","423"
"Women Premium Denim","WLZWPRD026","Woven label","8x20mm","WOVEN LABEL ZARA LADIES OFF WHITE (8x20mm)","7","Obsolete",,"DHL#4499365301","2018/11/16",,"424"
"Women Premium Denim","WTZWPRD003","Waist tag","80x105mm","WAIST TAG ZARA WOMAN (80x105mm)MATT LAMINATED 2 SIDES","22","Submitted and waiting for approval",,"DHL#8349248622","2019/3/26",,"425"
"Women Premium Denim","WTZWPRD004","Waist tag","80x105mm","WAIST TAG ZARA WOMAN (80x105mm)MATT LAMINATED 2 SIDES","22","Submitted and waiting for approval",,"DHL#1506366584","2019/2/28",,"426"
"Women Premium Denim","WTZWPRD004","Waist tag","80x105mm","WAIST TAG ZARA WOMAN (80x105mm)","22","Approved",,"DHL#2907422431","2018/11/24","2018/12/15","427"
"Women Premium Denim","WTZWPRD005","Waist tag","80x105mm","WAIST TAG ZARA WOMAN (80x105mm)MATT LAMINATED 2 SIDES","22","Approved",,"DHL#8349248622","2019/1/5",,"428"
"Women Premium Denim","WTZWPRD005","Waist tag","80x105mm","WAIST TAG ZARA WOMAN (80x105mm)","22","Approved",,"DHL#2907422431","2018/11/24","2018/12/15","429"
"Women Premium Denim","WTZWPRD006","Waist tag","80x105mm","WAIST TAG ZARA WOMAN (80x105mm)","22","Approved",,"DHL#2907422431","2018/11/24","2018/12/15","430"
"Women Premium Denim","WTZWPRD006","Waist tag","80x105mm","WAIST TAG ZARA WOMAN (80x105mm)MATT LAMINATED 2 SIDES","22","Approved",,"DHL#2034949523","2019/3/11",,"431"
"Women Premium Denim","WTZWPRD007","Waist tag","80x105mm","WAIST TAG ZARA WOMAN (80x105mm)","22","Approved",,"DHL#2907422431","2018/11/24","2018/12/15","432"
"Women Premium Denim","WTZWPRD007","Waist tag","80x105mm","WAIST TAG ZARA WOMAN (80x105mm)MATT LAMINATED 2 SIDES","22","Approved",,"DHL#8349248622","2019/1/5","2018/12/15","433"
"Women Premium Denim","WTZWPRD008","Waist tag","80x105mm","WAIST TAG ZARA WOMAN (80x105mm)MATT LAMINATED 2 SIDES","22","Approved",,,,"2018/12/15","434"
"Women Premium Denim","WTZWPRD008","Waist tag","80x105mm","WAIST TAG ZARA WOMAN (80x105mm)","22","Approved",,"DHL#2907422431","2018/11/24","2018/12/15","435"
"Women Premium Denim","WTZWPRD009","Waist tag","80x105mm","WAIST TAG ZARA WOMAN (80x105mm)","22","Approved",,"DHL#2907422431","2018/11/24","2018/12/15","436"
"Women Premium Denim","WTZWPRD009","Waist tag","80x105mm","WAIST TAG ZARA WOMAN (80x105mm)MATT LAMINATED 2 SIDES","22","Approved",,,,"2018/12/15","437"
"Women Premium Denim","WTZWPRD010","Waist tag","80x105mm","WAIST TAG ZARA WOMAN (80x105mm)","22","Approved",,"DHL#2907422431","2018/11/24","2018/12/15","438"
"Women Premium Denim","WTZWPRD010","Waist tag","80x105mm","WAIST TAG ZARA WOMAN (80x105mm)MATT LAMINATED 2 SIDES","22","Approved",,,,"2018/12/15","439"
"Women Premium Denim","WTZWPRD011","Waist tag","80x105mm","WAIST TAG ZARA WOMAN (80x105mm)MATT LAMINATED 2 SIDES","22","Approved",,,,"2018/12/15","440"
"Women Premium Denim","WTZWPRD011","Waist tag","80x105mm","WAIST TAG ZARA WOMAN (80x105mm)MATT LAMINATED 2 SIDES","22","Approved",,,,"2018/12/15","441"
"Women Premium Denim","WTZWPRD011","Waist tag","80x105mm","WAIST TAG ZARA WOMAN (80x105mm)","22","Approved",,"DHL#2907422431","2018/11/24","2018/12/15","442"
"Women Premium Denim","WTZWPRD012","Waist tag","80x105mm","WAIST TAG ZARA WOMAN (80x105mm)","22","Approved",,"DHL#2907422431","2018/11/24","2018/12/15","443"
"Women Premium Denim","WTZWPRD013","Waist tag","80x105mm","WAIST TAG ZARA WOMAN (80x105mm)","22","Approved",,"DHL#2907422431","2018/11/24","2018/12/15","444"
"Women Premium Denim","WTZWPRD014","Waist tag","80x105mm","WAIST TAG ZARA WOMAN (80x105mm)","22","Approved",,"DHL#2907422431","2018/11/24","2018/12/15","445"
"Women Premium Denim","WTZWPRD015","Waist tag","80x105mm","WAIST TAG ZARA WOMAN (80x105mm)","22","Approved",,"DHL#2907422431","2018/11/24","2018/12/15","446"
"Women Premium Denim","WTZWPRD016","Waist tag","80x105mm","WAIST TAG ZARA WOMAN (80x105mm)","22","Approved",,"DHL#2907422431","2018/11/24","2018/12/15","447"
"Women Premium Denim","WTZWPRD017","Waist tag","80x105mm","WAIST TAG ZARA WOMAN (80x105mm)","22","Approved",,"DHL#2907422431","2018/11/24","2018/12/15","448"
"Women Premium Denim","WTZWPRD018","Waist tag","80x105mm","WAIST TAG ZARA WOMAN (80x105mm)","22","Approved",,,,,"449"
"Women Premium Denim","WTZWPRD019","Waist tag","80x105mm","WAIST TAG ZARA WOMAN (80x105mm)","22","Approved",,,,,"450"
"Women Premium Denim","WTZWPRD020","Waist tag","80x105mm","WAIST TAG ZARA WOMAN (80x105mm)","22","Approved",,,,,"451"
"Women Premium Denim","WTZWPRD021","Waist tag","80x105mm","WAIST TAG ZARA WOMAN (80x105mm)","22","Approved",,"DHL#2907422431","2018/11/24","2018/12/15","452"
"Women Premium Denim","WTZWPRD022","Waist tag","80x105mm","WAIST TAG ZARA WOMAN (80x105mm)","22","Approved",,"DHL#2907422431","2018/11/24","2018/12/15","453"
"Women Premium Denim","WTZWPRD022","Waist tag","80x105mm","WAIST TAG ZARA WOMAN (80x105mm)","22","Approved",,"DHL#2907422431","2018/11/24","2018/12/15","454"
"Women Premium Denim","WTZWPRD023","Waist tag","80x105mm","WAIST TAG ZARA WOMAN (80x105mm)","22","Approved",,"DHL#2907422431","2018/11/24","2018/12/15","455"
"Women Premium Denim","WTZWPRD023","Waist tag","80x105mm","WAIST TAG ZARA WOMAN (80x105mm)MATT LAMINATED 2 SIDES","22","Approved",,"DHL#2907422431","2018/11/24","2018/12/15","456"
"Women Premium Denim","WTZWPRD023","Waist tag","80x105mm","WAIST TAG ZARA WOMAN (80x105mm)MATT LAMINATED 2 SIDES","22","Approved",,,,"2018/12/15","457"
"Women Premium Denim","WTZWPRD024","Waist tag","80x105mm","WAIST TAG ZARA WOMAN (80x105mm)","22","Approved",,"DHL#2907422431","2018/11/24","2018/12/15","458"
"Women Premium Denim","WTZWPRD024","Waist tag","80x105mm","WAIST TAG ZARA WOMAN (80x105mm)MATT LAMINATED 2 SIDES","22","Approved",,"DHL#2907422431","2018/11/24","2018/12/15","459"
"Women Premium Denim","WTZWPRD024","Waist tag","80x105mm","WAIST TAG ZARA WOMAN (80x105mm)MATT LAMINATED 2 SIDES","22","Approved",,,,"2018/12/15","460"
"Women Premium Denim","WTZWPRD024","Waist tag","80x105mm","WAIST TAG ZARA WOMAN (80x105mm)","22","Approved",,"DHL#2907422431","2018/11/24","2018/12/15","461"
"Women Premium Denim","WTZWPRD025","Waist tag","80x105mm","WAIST TAG ZARA WOMAN (80x105mm)MATT LAMINATED 2 SIDES","22","Approved",,,,"2018/12/15","462"
"Women Premium Denim","WTZWPRD026","Waist tag","80x105mm","WAIST TAG ZARA WOMAN (80x105mm)MATT LAMINATED 2 SIDES","22","Approved",,,,"2018/12/15","463"
"Women Premium Denim","WTZWPRD027","Waist tag","80x105mm","WAIST TAG ZARA WOMAN (80x105mm)MATT LAMINATED 2 SIDES","22","Approved",,,,"2018/12/15","464"
"Women Premium Denim","WTZWPRD028","Waist tag","80x105mm","WAIST TAG ZARA WOMAN (80x105mm)MATT LAMINATED 2 SIDES","22","Approved",,,,"2018/12/15","465"
"Women Premium Denim","WTZWPRD029","Waist tag","80x105mm","WAIST TAG ZARA WOMAN (80x105mm)MATT LAMINATED 2 SIDES","22","Approved",,,,"2018/12/15","466"
"Women Premium Denim","WTZWPRD030","Waist tag","80x105mm","WAIST TAG ZARA WOMAN (80x105mm)MATT LAMINATED 2 SIDES","22","Approved",,,,"2018/12/15","467"
"Women Premium Denim","WTZWPRD031","Waist tag","80x105mm","WAIST TAG ZARA WOMAN (80x105mm)MATT LAMINATED 2 SIDES","22","Approved",,,,"2018/12/15","468"
"Women Premium Denim","WTZWPRD032","Waist tag","80x105mm","WAIST TAG ZARA WOMAN (80x105mm)MATT LAMINATED 2 SIDES","22","Approved",,,,"2018/12/15","469"
"Women Premium Denim","WTZWPRD033","Waist tag","80x105mm","WAIST TAG ZARA WOMAN (80x105mm)MATT LAMINATED 2 SIDES","22","Approved",,,,"2018/12/15","470"
"Women Premium Denim","WTZWPRD034","Waist tag","80x105mm","WAIST TAG ZARA WOMAN (80x105mm)MATT LAMINATED 2 SIDES","22","Approved",,,,"2018/12/15","471"
"Women Premium Denim","WTZWPRD035","Waist tag","80x105mm","WAIST TAG ZARA WOMAN (80x105mm)MATT LAMINATED 2 SIDES","22","Approved",,,,"2018/12/15","472"
"Women Premium Denim","WTZWPRD036","Waist tag","80x105mm","WAIST TAG ZARA WOMAN (80x105mm)MATT LAMINATED 2 SIDES","22","Approved",,,,"2018/12/15","473"
"Women Premium Denim","WTZWPRD037","Waist tag","80x105mm","WAIST TAG ZARA WOMAN (80x105mm)MATT LAMINATED 2 SIDES","22","Approved",,,,"2018/12/15","474"
"Women Premium Denim","WTZWPRD038","Waist tag","80x105mm","WAIST TAG ZARA WOMAN (80x105mm)MATT LAMINATED 2 SIDES","22","Approved",,,,"2018/12/15","475"
"Women Premium Denim","WTZWPRD039","Waist tag","80x105mm","WAIST TAG ZARA WOMAN (80x105mm)MATT LAMINATED 2 SIDES","22","Approved",,,,"2018/12/15","476"
"Women Premium Denim","WTZWPRD040","Waist tag","80x105mm","WAIST TAG ZARA WOMAN (80x105mm)MATT LAMINATED 2 SIDES","22","Approved",,,,"2018/12/15","477"
"Women Premium Denim","WTZWPRD041","Waist tag","80x105mm","WAIST TAG ZARA WOMAN (80x105mm)MATT LAMINATED 2 SIDES","22","Approved",,,,"2018/12/15","478"
"Women Premium Denim","WTZWPRD042","Waist tag","80x105mm","WAIST TAG ZARA WOMAN (80x105mm)MATT LAMINATED 2 SIDES","22","Approved",,,,"2018/12/15","479"
"Women Premium Denim","WTZWPRD043","Waist tag","80x105mm","WAIST TAG ZARA WOMAN (80x105mm)MATT LAMINATED 2 SIDES","22","Approved",,,,"2018/12/15","480"
"Women Premium Denim","WTZWPRD044","Waist tag","80x105mm","WAIST TAG ZARA WOMAN (80x105mm)MATT LAMINATED 2 SIDES","22","Approved",,,,"2018/12/15","481"
"Women Premium Denim","WTZWPRD045","Waist tag","80x105mm","WAIST TAG ZARA WOMAN (80x105mm)MATT LAMINATED 2 SIDES","22","Approved",,,,"2018/12/15","482"
"Women Premium Denim","WTZWPRD046","Waist tag","80x105mm","WAIST TAG ZARA WOMAN (80x105mm)MATT LAMINATED 2 SIDES","22","Approved",,,,"2018/12/15","483"
"Women Premium Denim","WTZWPRD047","Waist tag","80x105mm","WAIST TAG ZARA WOMAN (80x105mm)MATT LAMINATED 2 SIDES","22","Approved",,,,"2018/12/15","484"
"Women Premium Denim","WTZWPRD048","Waist tag","80x105mm","WAIST TAG ZARA WOMAN (80x105mm)MATT LAMINATED 2 SIDES","22","Approved",,,,"2018/12/15","485"
"Women Premium Denim","WTZWPRD049","Waist tag","80x105mm","WAIST TAG ZARA WOMAN (80x105mm)MATT LAMINATED 2 SIDES","22","Approved",,,,"2018/12/15","486"
"Women Premium Denim","WTZWPRD050","Waist tag","80x105mm","WAIST TAG ZARA WOMAN (80x105mm)MATT LAMINATED 2 SIDES","22","Approved",,,,"2018/12/15","487"
"Women Premium Denim","WTZWPRD051","Waist tag","80x105mm","WAIST TAG ZARA WOMAN (80x105mm)MATT LAMINATED 2 SIDES","22","Approved",,,,"2018/12/15","488"
"Women Premium Denim","WTZWPRD052","Waist tag","80x105mm","WAIST TAG ZARA WOMAN (80x105mm)MATT LAMINATED 2 SIDES","22","Approved",,,,"2018/12/15","489"
"Women Premium Denim","WTZWPRD053","Waist tag","80x105mm","WAIST TAG ZARA WOMAN (80x105mm)MATT LAMINATED 2 SIDES","22","Approved",,,,"2018/12/15","490"
"Women Premium Denim","WTZWPRD054","Waist tag","80x105mm","WAIST TAG ZARA WOMAN (80x105mm)MATT LAMINATED 2 SIDES","22","Approved",,,,"2018/12/15","491"
"Women Premium Denim","WTZWPRD055","Waist tag","80x105mm","WAIST TAG ZARA WOMAN (80x105mm)MATT LAMINATED 2 SIDES","22","Approved",,,,"2018/12/15","492"
"Women Premium Denim","WTZWPRD056","Waist tag","80x105mm","WAIST TAG ZARA WOMAN (80x105mm)MATT LAMINATED 2 SIDES","22","Approved",,,,"2018/12/15","493"
"Women Premium Denim","WTZWPRD057","Waist tag","80x105mm","WAIST TAG ZARA WOMAN (80x105mm)MATT LAMINATED 2 SIDES","22","Approved",,,,"2018/12/15","494"
"Women Premium Denim","WTZWPRD058","Waist tag","80x105mm","WAIST TAG ZARA WOMAN (80x105mm)MATT LAMINATED 2 SIDES","22","Approved",,,,"2018/12/15","495"
"Women Premium Denim","WTZWPRD059","Waist tag","80x105mm","WAIST TAG ZARA WOMAN (80x105mm)MATT LAMINATED 2 SIDES","22","Approved",,"DHL#8349248622","2019/1/5","2018/12/15","496"
"Women Premium Denim","WTZWPRD060","Waist tag","80x105mm","WAIST TAG ZARA WOMAN (80x105mm)MATT LAMINATED 2 SIDES","22","Approved",,,,"2018/12/15","497"
"Women Premium Denim","WTZWPRD061","Waist tag","80x105mm","WAIST TAG ZARA WOMAN (80x105mm)MATT LAMINATED 2 SIDES","22","Approved",,,,"2018/12/15","498"
"Women Premium Denim","WTZWPRD062","Waist tag","80x105mm","WAIST TAG ZARA WOMAN (80x105mm)MATT LAMINATED 2 SIDES","22","Approved",,,,"2018/12/15","499"
"Women Premium Denim","WTZWPRD063","Waist tag","80x105mm","WAIST TAG ZARA WOMAN (80x105mm)MATT LAMINATED 2 SIDES","22","Approved",,,,"2018/12/15","500"
"Women Premium Denim","WTZWPRD064","Waist tag","80x105mm","WAIST TAG ZARA WOMAN (80x105mm)MATT LAMINATED 2 SIDES","22","Approved",,,,"2018/12/15","501"
"Women Premium Denim","WTZWPRD065","Waist tag","80x105mm","WAIST TAG ZARA WOMAN (80x105mm)MATT LAMINATED 2 SIDES","22","Approved",,,,"2018/12/15","502"
"Women Premium Denim","WTZWPRD066","Waist tag","80x105mm","WAIST TAG ZARA WOMAN (80x105mm)MATT LAMINATED 2 SIDES","22","Approved",,,,"2018/12/15","503"
"Women Premium Denim","WTZWPRD067","Waist tag","80x105mm","WAIST TAG ZARA WOMAN (80x105mm)MATT LAMINATED 2 SIDES","22","Approved",,,,"2018/12/15","504"
"Women Premium Denim","WTZWPRD068","Waist tag","80x105mm","WAIST TAG ZARA WOMAN (80x105mm)MATT LAMINATED 2 SIDES","22","Approved",,,,"2018/12/15","505"
"Women Premium Denim","WTZWPRD069","Waist tag","80x105mm","WAIST TAG ZARA WOMAN (80x105mm)MATT LAMINATED 2 SIDES","22","Approved",,,,"2018/12/15","506"
"Women Premium Denim","WTZWPRD070","Waist tag","80x105mm","WAIST TAG ZARA WOMAN (80x105mm)MATT LAMINATED 2 SIDES","22","Approved",,,,"2018/12/15","507"
"Women Premium Denim","WTZWPRD071","Waist tag","80x105mm","WAIST TAG ZARA WOMAN (80x105mm)MATT LAMINATED 2 SIDES","22","Approved",,,,"2018/12/15","508"
"Women Premium Denim","WTZWPRD072","Waist tag","80x105mm","WAIST TAG ZARA WOMAN (80x105mm)MATT LAMINATED 2 SIDES","22","Approved",,,,"2018/12/15","509"
"Women Premium Denim","WTZWPRD073","Waist tag","80x105mm","WAIST TAG ZARA WOMAN (80x105mm)MATT LAMINATED 2 SIDES","22","Approved",,,,"2018/12/15","510"
"Women Premium Denim","WTZWPRD074","Waist tag","80x105mm","WAIST TAG ZARA WOMAN (80x105mm)MATT LAMINATED 2 SIDES","22","Approved",,,,"2018/12/15","511"
"Women Premium Denim","WTZWPRD075","Waist tag","80x105mm","WAIST TAG ZARA WOMAN (80x105mm)MATT LAMINATED 2 SIDES","22","Approved",,,,"2018/12/15","512"
"Women Premium Denim","WTZWPRD076","Waist tag","80x105mm","WAIST TAG ZARA WOMAN (80x105mm)MATT LAMINATED 2 SIDES","22","Approved",,,,"2018/12/15","513"
"Women Premium Denim","WTZWPRD077","Waist tag","80x105mm","WAIST TAG ZARA WOMAN (80x105mm)MATT LAMINATED 2 SIDES","22","Approved",,,,"2018/12/15","514"
"Women Premium Denim","WTZWPRD078","Waist tag","80x105mm","WAIST TAG ZARA WOMAN (80x105mm)MATT LAMINATED 2 SIDES","22","Approved",,,,"2018/12/15","515"
"Women Premium Denim","WTZWPRD079","Waist tag","80x105mm","WAIST TAG ZARA WOMAN (80x105mm)MATT LAMINATED 2 SIDES","22","Approved",,,,"2018/12/15","516"
"Women Premium Denim","WTZWPRD080","Waist tag","80x105mm","WAIST TAG ZARA WOMAN (80x105mm)MATT LAMINATED 2 SIDES","22","Approved",,,,"2018/12/15","517"
"Women Premium Denim","WTZWPRD081","Waist tag","80x105mm","WAIST TAG ZARA WOMAN (80x105mm)MATT LAMINATED 2 SIDES","22","Approved",,,,"2018/12/15","518"
"Women Premium Denim","WTZWPRD082","Waist tag","80x105mm","WAIST TAG ZARA WOMAN (80x105mm)MATT LAMINATED 2 SIDES","22","Approved",,,,"2018/12/15","519"
"Women Premium Denim","WTZWPRD083","Waist tag","80x105mm","WAIST TAG ZARA WOMAN (80x105mm)MATT LAMINATED 2 SIDES","22","Approved",,,,"2018/12/15","520"
"Women Premium Denim","WTZWPRD084","Waist tag","80x105mm","WAIST TAG ZARA WOMAN (80x105mm)MATT LAMINATED 2 SIDES","22","Approved",,,,"2018/12/15","521"
"Women Premium Denim","WTZWPRD086","Waist tag","80x105mm","WAIST TAG ZARA WOMAN (80x105mm)MATT LAMINATED 2 SIDES","22","Approved",,,,"2018/12/15","522"
"Women Premium Denim","WTZWPRD087","Waist tag","80x105mm","WAIST TAG ZARA WOMAN (80x105mm)MATT LAMINATED 2 SIDES","22","Approved",,,,"2018/12/15","523"
"Women Premium Denim","WTZWPRD088","Waist tag","80x105mm","WAIST TAG ZARA WOMAN (80x105mm)MATT LAMINATED 2 SIDES","22","Approved",,,,"2018/12/15","524"
"Women Premium Denim","WTZWPRD089","Waist tag","80x105mm","WAIST TAG ZARA WOMAN (80x105mm)MATT LAMINATED 2 SIDES","22","Approved",,,,"2018/12/15","525"
"Women Premium Denim","WTZWPRD090","Waist tag","80x105mm","WAIST TAG ZARA WOMAN (80x105mm)MATT LAMINATED 2 SIDES","22","Approved",,,,"2018/12/15","526"
"Women Premium Denim","WTZWPRD091","Waist tag","80x105mm","WAIST TAG ZARA WOMAN (80x105mm)MATT LAMINATED 2 SIDES","22","Approved",,,,"2018/12/15","527"
"Women Premium Denim","WTZWPRD092","Waist tag","80x105mm","WAIST TAG ZARA WOMAN (80x105mm)MATT LAMINATED 2 SIDES","22","Approved",,,,"2018/12/15","528"
"Women Premium Denim","WTZWPRD093","Waist tag","80x105mm","WAIST TAG ZARA WOMAN (80x105mm)MATT LAMINATED 2 SIDES","22","Approved",,"DHL#2907422431","2018/11/24","2018/12/15","529"
"Women Premium Denim","WTZWPRD094","Waist tag","80x105mm","WAIST TAG ZARA WOMAN (80x105mm)MATT LAMINATED 2 SIDES","22","Approved",,"DHL#2907422431","2018/11/24","2018/12/15","530"
"Women Premium Denim","WTZWPRD095","Waist tag","80x105mm","WAIST TAG ZARA WOMAN (80x105mm)MATT LAMINATED 2 SIDES","22","Approved",,"DHL#2907422431","2018/11/24","2018/12/15","531"
"Women Premium Denim","WTZWPRD096","Waist tag","80x105mm","WAIST TAG ZARA WOMAN (80x105mm)MATT LAMINATED 2 SIDES","22","Approved",,"DHL#2907422431","2018/11/24","2018/12/15","532"
"Women Premium Denim","WTZWPRD097","Waist tag","80x105mm","WAIST TAG ZARA WOMAN (80x105mm)MATT LAMINATED 2 SIDES","22","Approved",,"DHL#2907422431","2018/11/24","2018/12/15","533"
